id,label,timeset,weight<links>,weight<citations>,cluster,url,score<pub._year>,score<norm._citations>,weight<norm._citations>,weight<total_link_strength>,score<citations>,description
3.0,tappan (2004),,25.0,12.0,3.0,http://dx.doi.org/10.1016/j.jaridenv.2004.04.002,2004.0,0.09,0.09,30.0,12.0,"<table><tr><td>Authors:</td><td>tappan, gg; tieszen, ll; toure, a</td></tr><tr><td>Title:</td><td>sequestration of carbon in soil organic matter in senegal: an overview</td></tr><tr><td>Source:</td><td>journal of arid environments, 59(3), 409-425</td></tr><tr><td>Year:</td><td>2004</td></tr></table>"
4.0,lal (2004),,58.0,963.0,3.0,http://dx.doi.org/10.1016/j.geoderma.2004.01.032,2004.0,7.2258,7.2258,235.0,963.0,"<table><tr><td>Authors:</td><td>lal, r</td></tr><tr><td>Title:</td><td>soil carbon sequestration to mitigate climate change</td></tr><tr><td>Source:</td><td>geoderma, 123(1-2), 1-22</td></tr><tr><td>Year:</td><td>2004</td></tr></table>"
5.0,chimner (2000),,45.0,90.0,5.0,,2000.0,0.5353,0.5353,83.0,90.0,"<table><tr><td>Authors:</td><td>chimner, ra; kaye, jp; kaye, mw; resh, sc</td></tr><tr><td>Title:</td><td>nutrient and carbon dynamics in a replacement series of eucalyptus and albizia trees</td></tr><tr><td>Source:</td><td>ecology, 81(12), 3267-3273</td></tr><tr><td>Year:</td><td>2000</td></tr></table>"
6.0,dirks (1993),,18.0,62.0,3.0,http://dx.doi.org/10.1007/bf01104990,1993.0,1.8015,1.8015,20.0,62.0,"<table><tr><td>Authors:</td><td>dirks, bom; glenn, ep; ojima, ds; owensby, ce; scurlock, jo</td></tr><tr><td>Title:</td><td>assessment of c budget for grasslands and drylands of the world</td></tr><tr><td>Source:</td><td>water air and soil pollution, 70(1-4), 95-109</td></tr><tr><td>Year:</td><td>1993</td></tr></table>"
8.0,heller (2003),,14.0,209.0,3.0,http://dx.doi.org/10.1016/s0961-9534(02)00190-3,2003.0,2.4229,2.4229,17.0,209.0,"<table><tr><td>Authors:</td><td>heller, mc; keoleian, ga; volk, ta</td></tr><tr><td>Title:</td><td>life cycle assessment of a willow bioenergy cropping system</td></tr><tr><td>Source:</td><td>biomass & bioenergy, 25(2), 147-165</td></tr><tr><td>Year:</td><td>2003</td></tr></table>"
9.0,almendros (2003),,8.0,14.0,4.0,http://dx.doi.org/10.1016/s0048-9697(03)00255-9,2003.0,0.1623,0.1623,8.0,14.0,"<table><tr><td>Authors:</td><td>almendros, g; ballesta, rj; zancada, mc</td></tr><tr><td>Title:</td><td>humus quality after eucalypt reforestations in asturias (northern spain)</td></tr><tr><td>Source:</td><td>science of the total environment, 313(1-3), 245-258</td></tr><tr><td>Year:</td><td>2003</td></tr></table>"
10.0,breidt (2004),,29.0,383.0,3.0,http://dx.doi.org/10.1111/j.1529-8817.2003.00730.x,2004.0,2.8738,2.8738,60.0,383.0,"<table><tr><td>Authors:</td><td>breidt, fj; conant, rt; mosier, ar; ogle, sm; paustian, k; six, j</td></tr><tr><td>Title:</td><td>the potential to mitigate global warming with no-tillage management is only realized when practised in the long term</td></tr><tr><td>Source:</td><td>global change biology, 10(2), 155-160</td></tr><tr><td>Year:</td><td>2004</td></tr></table>"
11.0,eve (2003),,45.0,84.0,3.0,http://dx.doi.org/10.1023/a:1022888832630,2003.0,0.9738,0.9738,100.0,84.0,"<table><tr><td>Authors:</td><td>eve, m; paustian, k; sperow, m</td></tr><tr><td>Title:</td><td>potential soil c sequestration on us agricultural soils</td></tr><tr><td>Source:</td><td>climatic change, 57(3), 319-339</td></tr><tr><td>Year:</td><td>2003</td></tr></table>"
12.0,nilsson (1997),,31.0,21.0,1.0,http://dx.doi.org/10.1023/a:1026494514131,1997.0,0.4118,0.4118,49.0,21.0,"<table><tr><td>Authors:</td><td>nilsson, s; roshkov, v; shvidenko, a</td></tr><tr><td>Title:</td><td>possibilities for increased carbon sequestration through the implementation of rational forest management in russia</td></tr><tr><td>Source:</td><td>water air and soil pollution, 94(1-2), 137-162</td></tr><tr><td>Year:</td><td>1997</td></tr></table>"
13.0,aono (2005),,28.0,3.0,2.0,http://dx.doi.org/10.1016/j.pocean.2005.02.012,2005.0,0.0441,0.0441,56.0,3.0,"<table><tr><td>Authors:</td><td>aono, t; furuya, k; imai, k; kudo, i; nishioka, j; nojiri, y; ramaiah, n; saito, h; takeda, s; tsuda, a; yoshimura, t</td></tr><tr><td>Title:</td><td>effect of iron enrichment on the dynamics of transparent exopolymer particles in the western subarctic pacific</td></tr><tr><td>Source:</td><td>progress in oceanography, 64(2-4), 253-261</td></tr><tr><td>Year:</td><td>2005</td></tr></table>"
18.0,fouquet (2001),,6.0,33.0,5.0,http://dx.doi.org/10.3763/cpol.2001.0120,2001.0,0.4843,0.4843,6.0,33.0,"<table><tr><td>Authors:</td><td>fouquet, r; grimston, mc; karakoussis, v; leach, m; pearson, p; van der vorst, r</td></tr><tr><td>Title:</td><td>the european and global potential of carbon dioxide sequestration in tackling climate change</td></tr><tr><td>Source:</td><td>climate policy, 1(2), 155-171</td></tr><tr><td>Year:</td><td>2001</td></tr></table>"
19.0,bachu (2003),,3.0,44.0,5.0,,2003.0,0.5101,0.5101,7.0,44.0,"<table><tr><td>Authors:</td><td>bachu, s; shaw, j</td></tr><tr><td>Title:</td><td>evaluation of the co2 sequestration capacity in alberta's oil and gas reservoirs at depletion and the effect of underlying aquifers</td></tr><tr><td>Source:</td><td>journal of canadian petroleum technology, 42(9), 51-61</td></tr><tr><td>Year:</td><td>2003</td></tr></table>"
23.0,lam (2001),,35.0,14.0,2.0,,2001.0,0.2055,0.2055,49.0,14.0,"<table><tr><td>Authors:</td><td>lam, pj; morell, fmm; tortell, pd</td></tr><tr><td>Title:</td><td>differential effects of iron additions on organic and inorganic carbon production by phytoplankton</td></tr><tr><td>Source:</td><td>limnology and oceanography, 46(5), 1199-1202</td></tr><tr><td>Year:</td><td>2001</td></tr></table>"
28.0,baddeley (2005),,52.0,114.0,3.0,http://dx.doi.org/10.1016/j.geoderma.2004.12.020,2005.0,1.6769,1.6769,138.0,114.0,"<table><tr><td>Authors:</td><td>baddeley, ja; bingham, ij; rees, rm; watson, ca</td></tr><tr><td>Title:</td><td>the role of plants and land management in sequestering soil carbon in temperate arable and grassland ecosystems</td></tr><tr><td>Source:</td><td>geoderma, 128(1-2), 130-154</td></tr><tr><td>Year:</td><td>2005</td></tr></table>"
29.0,krcmar-nozic (2000),,17.0,26.0,1.0,,2000.0,0.1546,0.1546,50.0,26.0,"<table><tr><td>Authors:</td><td>krcmar-nozic, e; stennes, b; van gorkom, r; van kooten, gc</td></tr><tr><td>Title:</td><td>economics of afforestation for carbon sequestration in western canada</td></tr><tr><td>Source:</td><td>forestry chronicle, 76(1), 165-172</td></tr><tr><td>Year:</td><td>2000</td></tr></table>"
32.0,[anonymous] (2001),,34.0,0.0,2.0,,2001.0,0.0,0.0,53.0,0.0,"<table><tr><td>Authors:</td><td>[anonymous]</td></tr><tr><td>Title:</td><td>iron fertilization and the indian ocean</td></tr><tr><td>Source:</td><td>south african journal of science, 97(3-4), 118-118</td></tr><tr><td>Year:</td><td>2001</td></tr></table>"
34.0,bishop (2004),,47.0,74.0,2.0,http://dx.doi.org/10.1126/science.1087717,2004.0,0.5553,0.5553,80.0,74.0,"<table><tr><td>Authors:</td><td>bishop, jkb; davis, re; sherman, jt; wood, tj</td></tr><tr><td>Title:</td><td>robotic observations of enhanced carbon biomass and export at 55 degrees s during sofex</td></tr><tr><td>Source:</td><td>science, 304(5669), 417-420</td></tr><tr><td>Year:</td><td>2004</td></tr></table>"
37.0,johnson (2002),,40.0,17.0,2.0,,2002.0,0.3528,0.3528,44.0,17.0,"<table><tr><td>Authors:</td><td>johnson, ks; karl, dm</td></tr><tr><td>Title:</td><td>is ocean fertilization credible and creditable?</td></tr><tr><td>Source:</td><td>science, 296(5567), 467-467</td></tr><tr><td>Year:</td><td>2002</td></tr></table>"
41.0,cullen (1995),,41.0,76.0,2.0,,1995.0,2.2353,2.2353,153.0,76.0,"<table><tr><td>Authors:</td><td>cullen, jj</td></tr><tr><td>Title:</td><td>status of the iron hypothesis after the open-ocean enrichment experiment</td></tr><tr><td>Source:</td><td>limnology and oceanography, 40(7), 1336-1343</td></tr><tr><td>Year:</td><td>1995</td></tr></table>"
44.0,bidigare (1999),,48.0,112.0,2.0,,1999.0,2.29,2.29,226.0,112.0,"<table><tr><td>Authors:</td><td>bidigare, rr; cavender-bares, kk; chisholm, sw; mann, el; ondrusek, me</td></tr><tr><td>Title:</td><td>differential response of equatorial pacific phytoplankton to iron fertilization</td></tr><tr><td>Source:</td><td>limnology and oceanography, 44(2), 237-246</td></tr><tr><td>Year:</td><td>1999</td></tr></table>"
45.0,krom (2005),,45.0,41.0,2.0,http://dx.doi.org/10.1016/j.dsr2.2005.08.015,2005.0,0.6031,0.6031,109.0,41.0,"<table><tr><td>Authors:</td><td>krom, md; mantoura, rfc; polychronaki, t; psarra, s; stambler, n; tanaka, t; thingstad, tf; tselepides, a; zohary, t</td></tr><tr><td>Title:</td><td>phytoplankton response to a lagrangian phosphate addition in the levantine sea (eastern mediterranean)</td></tr><tr><td>Source:</td><td>deep-sea research part ii-topical studies in oceanography, 52(22-23), 2944-2960</td></tr><tr><td>Year:</td><td>2005</td></tr></table>"
47.0,boer,,6.0,0.0,4.0,,-1.0,1.0,1.0,7.0,0.0,"<table><tr><td>Authors:</td><td>boer, r.</td></tr></table>"
48.0,elliott (2004),,53.0,16.0,2.0,http://dx.doi.org/10.1029/2000jc000321,2004.0,0.1201,0.1201,101.0,16.0,"<table><tr><td>Authors:</td><td>elliott, b; matear, rj</td></tr><tr><td>Title:</td><td>enhancement of oceanic uptake of anthropogenic co2 by macronutrient fertilization</td></tr><tr><td>Source:</td><td>journal of geophysical research-oceans, 109(c4)</td></tr><tr><td>Year:</td><td>2004</td></tr></table>"
49.0,chen (2001),,38.0,624.0,1.0,http://dx.doi.org/10.1126/science.1058629,2001.0,9.1572,9.1572,75.0,624.0,"<table><tr><td>Authors:</td><td>chen, ap; ci, l; fang, jy; peng, ch; zhao, sq</td></tr><tr><td>Title:</td><td>changes in forest biomass carbon storage in china between 1949 and 1998</td></tr><tr><td>Source:</td><td>science, 292(5525), 2320-2322</td></tr><tr><td>Year:</td><td>2001</td></tr></table>"
50.0,michaelis,,9.0,0.0,4.0,,-1.0,1.0,1.0,102.0,0.0,"<table><tr><td>Authors:</td><td>michaelis, a, r.</td></tr></table>"
54.0,legendre (2005),,39.0,16.0,2.0,http://dx.doi.org/10.1029/2004jc002530,2005.0,0.2354,0.2354,66.0,16.0,"<table><tr><td>Authors:</td><td>legendre, l; rivkin, rb</td></tr><tr><td>Title:</td><td>integrating functional diversity, food web processes, and biogeochemical carbon fluxes into a conceptual approach for modeling the upper ocean in a high-co2 world</td></tr><tr><td>Source:</td><td>journal of geophysical research-oceans, 110(c9)</td></tr><tr><td>Year:</td><td>2005</td></tr></table>"
55.0,sullivan (2004),,24.0,47.0,2.0,http://dx.doi.org/10.1029/2003jc001767,2004.0,0.3527,0.3527,46.0,47.0,"<table><tr><td>Authors:</td><td>sullivan, kf; top, z; wanninkhof, r</td></tr><tr><td>Title:</td><td>air-sea gas transfer in the southern ocean</td></tr><tr><td>Source:</td><td>journal of geophysical research-oceans, 109(c8)</td></tr><tr><td>Year:</td><td>2004</td></tr></table>"
57.0,niskanen,,8.0,0.0,4.0,,-1.0,1.0,1.0,15.0,0.0,"<table><tr><td>Authors:</td><td>niskanen, a.</td></tr></table>"
59.0,nilsson (1995),,61.0,105.0,1.0,http://dx.doi.org/10.1007/bf01091928,1995.0,3.0882,3.0882,147.0,105.0,"<table><tr><td>Authors:</td><td>nilsson, s; schopfhauser, w</td></tr><tr><td>Title:</td><td>the carbon-sequestration potential of a global afforestation program</td></tr><tr><td>Source:</td><td>climatic change, 30(3), 267-293</td></tr><tr><td>Year:</td><td>1995</td></tr></table>"
60.0,cui,,21.0,0.0,4.0,,-1.0,1.0,1.0,49.0,0.0,"<table><tr><td>Authors:</td><td>cui, l.; gao, z.; liu, j.; shi, j.</td></tr></table>"
64.0,gustavsson (2003),,3.0,22.0,5.0,http://dx.doi.org/10.1016/s0360-5442(03)00126-9,2003.0,0.255,0.255,3.0,22.0,"<table><tr><td>Authors:</td><td>gustavsson, l; madlener, r</td></tr><tr><td>Title:</td><td>co2 mitigation costs of large-scale bioenergy technologies in competitive electricity markets</td></tr><tr><td>Source:</td><td>energy, 28(14), 1405-1425</td></tr><tr><td>Year:</td><td>2003</td></tr></table>"
65.0,weber,,1.0,0.0,4.0,,-1.0,1.0,1.0,1.0,0.0,"<table><tr><td>Authors:</td><td>weber, m.</td></tr></table>"
66.0,gozalpour (2005),,1.0,80.0,5.0,http://dx.doi.org/10.2516/ogst:2005036,2005.0,1.1768,1.1768,2.0,80.0,"<table><tr><td>Authors:</td><td>gozalpour, f; ren, sr; tohidi, b</td></tr><tr><td>Title:</td><td>co2 eor and storage in oil reservoirs</td></tr><tr><td>Source:</td><td>oil & gas science and technology-revue d ifp energies nouvelles, 60(3), 537-546</td></tr><tr><td>Year:</td><td>2005</td></tr></table>"
67.0,rykowski,,8.0,0.0,4.0,,-1.0,1.0,1.0,10.0,0.0,"<table><tr><td>Authors:</td><td>rykowski, k.</td></tr></table>"
73.0,wu,,14.0,0.0,4.0,,-1.0,1.0,1.0,32.0,0.0,"<table><tr><td>Authors:</td><td>wu, j.; xu, d.; zhang, x.</td></tr></table>"
77.0,khanna,,12.0,0.0,4.0,,-1.0,1.0,1.0,44.0,0.0,"<table><tr><td>Authors:</td><td>khanna, p, k.; nyakuengama, j, g.; paul, k, i.; polglase, p, j.</td></tr></table>"
78.0,bange (2005),,19.0,15.0,2.0,http://dx.doi.org/10.1029/2005gl024619,2005.0,0.2206,0.2206,26.0,15.0,"<table><tr><td>Authors:</td><td>bange, hw; lochte, k; peeken, i; walter, s; webb, a</td></tr><tr><td>Title:</td><td>nitrous oxide measurements during eifex, the european iron fertilization experiment in the subpolar south atlantic ocean</td></tr><tr><td>Source:</td><td>geophysical research letters, 32(23)</td></tr><tr><td>Year:</td><td>2005</td></tr></table>"
79.0,lermit (2005),,2.0,30.0,5.0,http://dx.doi.org/10.1016/j.energy.2004.07.003,2005.0,0.4413,0.4413,2.0,30.0,"<table><tr><td>Authors:</td><td>lermit, j; read, p</td></tr><tr><td>Title:</td><td>bio-energy with carbon storage (becs): a sequential decision approach to the threat of abrupt climate change</td></tr><tr><td>Source:</td><td>energy, 30(14), 2654-2671</td></tr><tr><td>Year:</td><td>2005</td></tr></table>"
80.0,boyd (2005),,50.0,48.0,2.0,http://dx.doi.org/10.1029/2005gl023180,2005.0,0.7061,0.7061,178.0,48.0,"<table><tr><td>Authors:</td><td>boyd, pw; jackson, ga; waite, am</td></tr><tr><td>Title:</td><td>role of algal aggregation in vertical carbon export during soiree and in other low biomass environments</td></tr><tr><td>Source:</td><td>geophysical research letters, 32(13)</td></tr><tr><td>Year:</td><td>2005</td></tr></table>"
82.0,aono (2005),,52.0,6.0,2.0,http://dx.doi.org/10.1016/j.pocean.2005.02.013,2005.0,0.0883,0.0883,162.0,6.0,"<table><tr><td>Authors:</td><td>aono, t; imai, k; kudo, i; nojiri, y; tsuda, a; yamada, m</td></tr><tr><td>Title:</td><td>export fluxes of particulate organic carbon estimated from th-234/u-238 disequilibrium during the subarctic pacific iron experiment for ecosystem dynamics study (seeds 2001)</td></tr><tr><td>Source:</td><td>progress in oceanography, 64(2-4), 263-282</td></tr><tr><td>Year:</td><td>2005</td></tr></table>"
83.0,imai (2005),,54.0,13.0,2.0,http://dx.doi.org/10.1016/j.pocean.2005.02.009,2005.0,0.1912,0.1912,195.0,13.0,"<table><tr><td>Authors:</td><td>imai, k; kudo, i; nishioka, j; noiri, y; nojiri, y; tsuda, a</td></tr><tr><td>Title:</td><td>primary productivity and nitrogenous nutrient assimilation dynamics during the subarctic pacific iron experiment for ecosystem dynamics study</td></tr><tr><td>Source:</td><td>progress in oceanography, 64(2-4), 207-221</td></tr><tr><td>Year:</td><td>2005</td></tr></table>"
84.0,hinuma (2005),,54.0,46.0,2.0,http://dx.doi.org/10.1016/j.pocean.2005.02.007,2005.0,0.6767,0.6767,209.0,46.0,"<table><tr><td>Authors:</td><td>hinuma, a; kiyosawa, h; liu, hb; saino, t; saito, h; suzuki, k; tsuda, a</td></tr><tr><td>Title:</td><td>responses of phytoplankton and heterotrophic bacteria in the northwest subarctic pacific to in situ iron fertilization as estimated by hplc pigment analysis and flow cytometry</td></tr><tr><td>Source:</td><td>progress in oceanography, 64(2-4), 167-187</td></tr><tr><td>Year:</td><td>2005</td></tr></table>"
85.0,kiyosawa (2005),,51.0,24.0,2.0,http://dx.doi.org/10.1016/j.pocean.2005.02.006,2005.0,0.353,0.353,185.0,24.0,"<table><tr><td>Authors:</td><td>kiyosawa, h; kudo, i; nishioka, j; noiri, y; tsuda, a</td></tr><tr><td>Title:</td><td>influence of iron and temperature on growth, nutrient utilization ratios and phytoplankton species composition in the western subarctic pacific ocean during the seeds experiment</td></tr><tr><td>Source:</td><td>progress in oceanography, 64(2-4), 149-166</td></tr><tr><td>Year:</td><td>2005</td></tr></table>"
86.0,ishita (2005),,18.0,19.0,2.0,http://dx.doi.org/10.1016/j.pocean.2005.02.005,2005.0,0.2795,0.2795,40.0,19.0,"<table><tr><td>Authors:</td><td>ishita, t; kinugasa, m; nishioka, j; okamura, k; sohrin, y; takeda, s; tsuda, a</td></tr><tr><td>Title:</td><td>dynamics of trace metals during the subarctic pacific iron experiment for ecosystem dynamics study (seeds2001)</td></tr><tr><td>Source:</td><td>progress in oceanography, 64(2-4), 129-147</td></tr><tr><td>Year:</td><td>2005</td></tr></table>"
89.0,bouillon (2004),,9.0,24.0,2.0,http://dx.doi.org/10.1029/2004gl019536,2004.0,0.1801,0.1801,10.0,24.0,"<table><tr><td>Authors:</td><td>bouillon, rc; miller, wl</td></tr><tr><td>Title:</td><td>determination of apparent quantum yield spectra of dms photo-degradation in an in situ iron-induced northeast pacific ocean bloom</td></tr><tr><td>Source:</td><td>geophysical research letters, 31(6)</td></tr><tr><td>Year:</td><td>2004</td></tr></table>"
90.0,achterberg (2004),,57.0,44.0,2.0,http://dx.doi.org/10.1071/en04053,2004.0,0.3302,0.3302,234.0,44.0,"<table><tr><td>Authors:</td><td>achterberg, ep; ussher, sj; worsfold, pj</td></tr><tr><td>Title:</td><td>marine biogeochemistry of iron</td></tr><tr><td>Source:</td><td>environmental chemistry, 1(2), 67-80</td></tr><tr><td>Year:</td><td>2004</td></tr></table>"
91.0,gruber (2003),,45.0,58.0,2.0,http://dx.doi.org/10.1029/2003gl018458,2003.0,0.6724,0.6724,80.0,58.0,"<table><tr><td>Authors:</td><td>gruber, n; jin, x</td></tr><tr><td>Title:</td><td>offsetting the radiative benefit of ocean iron fertilization by enhancing n2o emissions</td></tr><tr><td>Source:</td><td>geophysical research letters, 30(24)</td></tr><tr><td>Year:</td><td>2003</td></tr></table>"
92.0,bindraban (2003),,13.0,47.0,5.0,http://dx.doi.org/10.1016/s0308-521x(02)00077-x,2003.0,0.5449,0.5449,15.0,47.0,"<table><tr><td>Authors:</td><td>bindraban, ps; luijten, jc; vleeshouwers, lm; wolf, j</td></tr><tr><td>Title:</td><td>exploratory study on the land area required for global food supply and the potential global production of bioenergy</td></tr><tr><td>Source:</td><td>agricultural systems, 76(3), 841-861</td></tr><tr><td>Year:</td><td>2003</td></tr></table>"
93.0,chang (2002),,51.0,30.0,1.0,http://dx.doi.org/10.1029/2002gb001914,2002.0,0.6226,0.6226,105.0,30.0,"<table><tr><td>Authors:</td><td>chang, ys; choi, sd; lee, k</td></tr><tr><td>Title:</td><td>large rate of uptake of atmospheric carbon dioxide by planted forest biomass in korea</td></tr><tr><td>Source:</td><td>global biogeochemical cycles, 16(4)</td></tr><tr><td>Year:</td><td>2002</td></tr></table>"
94.0,brown (2002),,47.0,91.0,1.0,http://dx.doi.org/10.1098/rsta.2002.1020,2002.0,1.8885,1.8885,64.0,91.0,"<table><tr><td>Authors:</td><td>brown, s; malhi, y; meir, p</td></tr><tr><td>Title:</td><td>forests, carbon and global climate</td></tr><tr><td>Source:</td><td>philosophical transactions of the royal society of london series a-mathematical physical and engineering sciences, 360(1797), 1567-1591</td></tr><tr><td>Year:</td><td>2002</td></tr></table>"
95.0,hall (2001),,50.0,75.0,2.0,http://dx.doi.org/10.1016/s0967-0645(01)00010-8,2001.0,1.1006,1.1006,244.0,75.0,"<table><tr><td>Authors:</td><td>hall, ja; safi, k</td></tr><tr><td>Title:</td><td>the impact of in situ fe fertilisation on the microbial food web in the southern ocean</td></tr><tr><td>Source:</td><td>deep-sea research part ii-topical studies in oceanography, 48(11-12), 2591-2613</td></tr><tr><td>Year:</td><td>2001</td></tr></table>"
96.0,boyd (2001),,53.0,68.0,2.0,http://dx.doi.org/10.1016/s0967-0645(01)00009-1,2001.0,0.9979,0.9979,355.0,68.0,"<table><tr><td>Authors:</td><td>boyd, pw; gall, mp; maldonado, m; strzepek, r</td></tr><tr><td>Title:</td><td>phytoplankton processes. part 2. rates of primary production and factors controlling algal growth during the southern ocean iron release experiment (soiree)</td></tr><tr><td>Source:</td><td>deep-sea research part ii-topical studies in oceanography, 48(11-12), 2571-2590</td></tr><tr><td>Year:</td><td>2001</td></tr></table>"
97.0,boyd (2001),,58.0,71.0,2.0,http://dx.doi.org/10.1016/s0967-0645(01)00002-9,2001.0,1.0419,1.0419,372.0,71.0,"<table><tr><td>Authors:</td><td>boyd, pw; law, cs</td></tr><tr><td>Title:</td><td>the southern ocean iron release experiment (soiree) - introduction and summary</td></tr><tr><td>Source:</td><td>deep-sea research part ii-topical studies in oceanography, 48(11-12), 2425-2438</td></tr><tr><td>Year:</td><td>2001</td></tr></table>"
98.0,mosnaim (2001),,4.0,4.0,3.0,http://dx.doi.org/10.1016/s0301-4215(00)00160-9,2001.0,0.0587,0.0587,7.0,4.0,"<table><tr><td>Authors:</td><td>mosnaim, a</td></tr><tr><td>Title:</td><td>estimating co2 abatement and sequestration potentials for chile</td></tr><tr><td>Source:</td><td>energy policy, 29(8), 631-640</td></tr><tr><td>Year:</td><td>2001</td></tr></table>"
99.0,bidigare (2000),,46.0,79.0,2.0,http://dx.doi.org/10.3354/meps201027,2000.0,0.4698,0.4698,180.0,79.0,"<table><tr><td>Authors:</td><td>bidigare, rr; brown, sl; coale, kh; constantinou, j; fitzwater, s; landry, mr; ondrusek, me; tanner, sj</td></tr><tr><td>Title:</td><td>biological response to iron fertilization in the eastern equatorial pacific (ironex ii). i. microplankton community abundances and biomass</td></tr><tr><td>Source:</td><td>marine ecology progress series, 201, 27-42</td></tr><tr><td>Year:</td><td>2000</td></tr></table>"
100.0,hillel (2000),,49.0,40.0,3.0,http://dx.doi.org/10.1097/00010694-200001000-00007,2000.0,0.2379,0.2379,60.0,40.0,"<table><tr><td>Authors:</td><td>hillel, d; rosenzweig, c</td></tr><tr><td>Title:</td><td>soils and global climate change: challenges and opportunities</td></tr><tr><td>Source:</td><td>soil science, 165(1), 47-56</td></tr><tr><td>Year:</td><td>2000</td></tr></table>"
101.0,caldeira (2000),,8.0,57.0,5.0,http://dx.doi.org/10.1029/1999gl002364,2000.0,0.339,0.339,16.0,57.0,"<table><tr><td>Authors:</td><td>caldeira, k; rau, gh</td></tr><tr><td>Title:</td><td>accelerating carbonate dissolution to sequester carbon dioxide in the ocean: geochemical implications</td></tr><tr><td>Source:</td><td>geophysical research letters, 27(2), 225-228</td></tr><tr><td>Year:</td><td>2000</td></tr></table>"
102.0,caldeira (1999),,5.0,44.0,5.0,http://dx.doi.org/10.1016/s0196-8904(99)00071-0,1999.0,0.8996,0.8996,11.0,44.0,"<table><tr><td>Authors:</td><td>caldeira, k; rau, gh</td></tr><tr><td>Title:</td><td>enhanced carbonate dissolution: a means of sequestering waste co2 as ocean bicarbonate</td></tr><tr><td>Source:</td><td>energy conversion and management, 40(17), 1803-1813</td></tr><tr><td>Year:</td><td>1999</td></tr></table>"
103.0,niskanen (1998),,9.0,12.0,4.0,http://dx.doi.org/10.1016/s0921-8009(97)00121-3,1998.0,0.2093,0.2093,12.0,12.0,"<table><tr><td>Authors:</td><td>niskanen, a</td></tr><tr><td>Title:</td><td>value of external environmental impacts of reforestation in thailand</td></tr><tr><td>Source:</td><td>ecological economics, 26(3), 287-297</td></tr><tr><td>Year:</td><td>1998</td></tr></table>"
104.0,unruh,,9.0,0.0,4.0,,-1.0,1.0,1.0,102.0,0.0,"<table><tr><td>Authors:</td><td>unruh, j, d.</td></tr></table>"
105.0,audus,,1.0,0.0,5.0,,-1.0,1.0,1.0,1.0,0.0,"<table><tr><td>Authors:</td><td>audus, h.; freund, p.</td></tr></table>"
107.0,chang,,1.0,0.0,4.0,,-1.0,1.0,1.0,2.0,0.0,"<table><tr><td>Authors:</td><td>chang, c.-c.</td></tr></table>"
108.0,chen,,9.0,0.0,4.0,,-1.0,1.0,1.0,11.0,0.0,"<table><tr><td>Authors:</td><td>chen, g.; yang, y.; yu, z.</td></tr></table>"
109.0,baumgartner,,11.0,0.0,4.0,,-1.0,1.0,1.0,11.0,0.0,"<table><tr><td>Authors:</td><td>baumgartner, a.</td></tr></table>"
110.0,adegbulugbe,,1.0,0.0,4.0,,-1.0,1.0,1.0,1.0,0.0,"<table><tr><td>Authors:</td><td>adegbulugbe, a, o.; adesina, f, a.; ojo, l, o.; oketola, f, o.; pelemo, d, a.; siyanbola, w, o.</td></tr></table>"
111.0,cerÃ³n,,4.0,0.0,4.0,,-1.0,1.0,1.0,5.0,0.0,"<table><tr><td>Authors:</td><td>cerÃ³n, a, d.; masera, o, r.; ordÃ³Ã±ez, a.</td></tr></table>"
112.0,rao,,6.0,0.0,4.0,,-1.0,1.0,1.0,9.0,0.0,"<table><tr><td>Authors:</td><td>rao, s.; ravindranath, n, h.; sudha, p.</td></tr></table>"
113.0,rykowski,,12.0,0.0,4.0,,-1.0,1.0,1.0,21.0,0.0,"<table><tr><td>Authors:</td><td>rykowski, k.</td></tr></table>"
114.0,lee,,19.0,0.0,4.0,,-1.0,1.0,1.0,24.0,0.0,"<table><tr><td>Authors:</td><td>lee, j, j.</td></tr></table>"
115.0,rantala,,7.0,0.0,4.0,,-1.0,1.0,1.0,13.0,0.0,"<table><tr><td>Authors:</td><td>rantala, t.</td></tr></table>"
117.0,maclaren,,1.0,0.0,4.0,,-1.0,1.0,1.0,1.0,0.0,"<table><tr><td>Authors:</td><td>maclaren, p.</td></tr></table>"
118.0,alig,,7.0,0.0,4.0,,-1.0,1.0,1.0,10.0,0.0,"<table><tr><td>Authors:</td><td>alig, r.</td></tr></table>"
120.0,kheshgi (1995),,7.0,64.0,5.0,http://dx.doi.org/10.1016/0360-5442(95)00035-f,1995.0,1.8824,1.8824,9.0,64.0,"<table><tr><td>Authors:</td><td>kheshgi, hs</td></tr><tr><td>Title:</td><td>sequestering atmospheric carbon-dioxide by increasing ocean alkalinity</td></tr><tr><td>Source:</td><td>energy, 20(9), 915-922</td></tr><tr><td>Year:</td><td>1995</td></tr></table>"
122.0,kurz (1993),,40.0,36.0,2.0,http://dx.doi.org/10.1029/92gb02910,1993.0,1.046,1.046,68.0,36.0,"<table><tr><td>Authors:</td><td>kurz, kd; maierreimer, e</td></tr><tr><td>Title:</td><td>iron fertilization of the austral ocean - the hamburg model assessment</td></tr><tr><td>Source:</td><td>global biogeochemical cycles, 7(1), 229-244</td></tr><tr><td>Year:</td><td>1993</td></tr></table>"
123.0,grubler (1993),,56.0,29.0,1.0,http://dx.doi.org/10.1016/0360-5442(93)90019-a,1993.0,0.8426,0.8426,93.0,29.0,"<table><tr><td>Authors:</td><td>grubler, a; inaba, a; messner, s; nakicenovic, n; nilsson, s; nishimura, y; rogner, hh; schafer, a; schrattenholzer, l; strubegger, m; swisher, j; victor, d; wilson, d</td></tr><tr><td>Title:</td><td>long-term strategies for mitigating global warming</td></tr><tr><td>Source:</td><td>energy, 18(5), 401</td></tr><tr><td>Year:</td><td>1993</td></tr></table>"
124.0,broecker (1991),,39.0,27.0,2.0,,1991.0,0.9507,0.9507,81.0,27.0,"<table><tr><td>Authors:</td><td>broecker, ws; peng, th</td></tr><tr><td>Title:</td><td>factors limiting the reduction of atmospheric co2 by iron fertilization</td></tr><tr><td>Source:</td><td>limnology and oceanography, 36(8), 1919-1927</td></tr><tr><td>Year:</td><td>1991</td></tr></table>"
125.0,ladd (1991),,22.0,21.0,1.0,http://dx.doi.org/10.1007/bf00140167,1991.0,0.7394,0.7394,34.0,21.0,"<table><tr><td>Authors:</td><td>ladd, l; schroeder, p</td></tr><tr><td>Title:</td><td>slowing the increase of atmospheric carbon-dioxide - a biological approach</td></tr><tr><td>Source:</td><td>climatic change, 19(3), 283-290</td></tr><tr><td>Year:</td><td>1991</td></tr></table>"
127.0,cisewski (2005),,13.0,47.0,2.0,http://dx.doi.org/10.1016/j.dsr2.2005.01.010,2005.0,0.6914,0.6914,13.0,47.0,"<table><tr><td>Authors:</td><td>cisewski, b; prandke, h; strass, vh</td></tr><tr><td>Title:</td><td>upper-ocean vertical mixing in the antarctic polar front zone</td></tr><tr><td>Source:</td><td>deep-sea research part ii-topical studies in oceanography, 52(9-10), 1087-1108</td></tr><tr><td>Year:</td><td>2005</td></tr></table>"
128.0,fujii (2005),,47.0,15.0,2.0,http://dx.doi.org/10.1016/j.pocean.2005.02.014,2005.0,0.2206,0.2206,157.0,15.0,"<table><tr><td>Authors:</td><td>fujii, m; yamanaka, y; yoshie, n</td></tr><tr><td>Title:</td><td>ecosystem changes after the seeds iron fertilization in the western north pacific simulated by a one-dimensional ecosystem model</td></tr><tr><td>Source:</td><td>progress in oceanography, 64(2-4), 283-306</td></tr><tr><td>Year:</td><td>2005</td></tr></table>"
129.0,brzezinski (2005),,56.0,31.0,2.0,,2005.0,0.456,0.456,173.0,31.0,"<table><tr><td>Authors:</td><td>brzezinski, ma; demarest, ms; jones, jl</td></tr><tr><td>Title:</td><td>control of silica production by iron and silicic acid during the southern ocean iron experiment (sofex)</td></tr><tr><td>Source:</td><td>limnology and oceanography, 50(3), 810-824</td></tr><tr><td>Year:</td><td>2005</td></tr></table>"
132.0,gao (2004),,6.0,40.0,5.0,http://dx.doi.org/10.1016/j.renene.2004.01.003,2004.0,0.3001,0.3001,11.0,40.0,"<table><tr><td>Authors:</td><td>gao, l; mollersten, k; obersteiner, m; yan, jy</td></tr><tr><td>Title:</td><td>efficient energy systems with co2 capture and storage from renewable biomass in pulp and paper mills</td></tr><tr><td>Source:</td><td>renewable energy, 29(9), 1583-1598</td></tr><tr><td>Year:</td><td>2004</td></tr></table>"
133.0,takeda (2002),,52.0,1.0,2.0,,2002.0,0.0208,0.0208,158.0,1.0,"<table><tr><td>Authors:</td><td>takeda, s</td></tr><tr><td>Title:</td><td>towards the enhancement of biological production in the oceans</td></tr><tr><td>Source:</td><td>fisheries science, 68, 20-24</td></tr><tr><td>Year:</td><td>2002</td></tr></table>"
134.0,madsen (2002),,3.0,44.0,5.0,http://dx.doi.org/10.1080/11263500212331351049,2002.0,0.9131,0.9131,3.0,44.0,"<table><tr><td>Authors:</td><td>madsen, p; stanturf, ja</td></tr><tr><td>Title:</td><td>restoration concepts for temperate and boreal forests of north america and western europe</td></tr><tr><td>Source:</td><td>plant biosystems, 136(2), 143-158</td></tr><tr><td>Year:</td><td>2002</td></tr></table>"
135.0,kraxner (2003),,16.0,31.0,5.0,http://dx.doi.org/10.1016/s0961-9534(02)00172-1,2003.0,0.3594,0.3594,17.0,31.0,"<table><tr><td>Authors:</td><td>kraxner, f; nilsson, s; obersteiner, m</td></tr><tr><td>Title:</td><td>negative emissions from bioenergy use, carbon capture and sequestration (becs) - the case of biomass production by sustainable forest management from semi-natural temperate forests</td></tr><tr><td>Source:</td><td>biomass & bioenergy, 24(4-5), 285-296</td></tr><tr><td>Year:</td><td>2003</td></tr></table>"
137.0,armand (2001),,39.0,76.0,2.0,http://dx.doi.org/10.1016/s0967-0645(01)00013-3,2001.0,1.1153,1.1153,117.0,76.0,"<table><tr><td>Authors:</td><td>armand, l; trull, tw</td></tr><tr><td>Title:</td><td>insights into southern ocean carbon export from the delta c-13 of particles and dissolved inorganic carbon during the soiree iron release experiment</td></tr><tr><td>Source:</td><td>deep-sea research part ii-topical studies in oceanography, 48(11-12), 2655-2680</td></tr><tr><td>Year:</td><td>2001</td></tr></table>"
138.0,abraham (2000),,38.0,182.0,2.0,http://dx.doi.org/10.1038/35037555,2000.0,1.0824,1.0824,57.0,182.0,"<table><tr><td>Authors:</td><td>abraham, er; bowie, ar; boyd, pw; lavender, sj; law, cs; maldonado, mt</td></tr><tr><td>Title:</td><td>importance of stirring in the development of an iron-fertilized phytoplankton bloom</td></tr><tr><td>Source:</td><td>nature, 407(6805), 727-730</td></tr><tr><td>Year:</td><td>2000</td></tr></table>"
139.0,bidigare (2000),,45.0,149.0,2.0,http://dx.doi.org/10.3354/meps201057,2000.0,0.8862,0.8862,169.0,149.0,"<table><tr><td>Authors:</td><td>bidigare, rr; brown, sl; constantinou, j; landry, mr; latasa, m; ondrusek, me</td></tr><tr><td>Title:</td><td>biological response to iron fertilization in the eastern equatorial pacific (ironex ii). iii. dynamics of phytoplankton growth and microzooplankton grazing</td></tr><tr><td>Source:</td><td>marine ecology progress series, 201, 57-72</td></tr><tr><td>Year:</td><td>2000</td></tr></table>"
140.0,coleman (2000),,33.0,233.0,3.0,http://dx.doi.org/10.1046/j.1365-2486.2000.00331.x,2000.0,1.3857,1.3857,71.0,233.0,"<table><tr><td>Authors:</td><td>coleman, k; falloon, p; powlson, ds; smith, ju; smith, p</td></tr><tr><td>Title:</td><td>meeting europe's climate change commitments: quantitative estimates of the potential for carbon mitigation by agriculture</td></tr><tr><td>Source:</td><td>global change biology, 6(5), 525-539</td></tr><tr><td>Year:</td><td>2000</td></tr></table>"
142.0,adams (1997),,16.0,2.0,1.0,,1997.0,0.0392,0.0392,26.0,2.0,"<table><tr><td>Authors:</td><td>adams, d; alig, r; callaway, jm; mccarl, b; winnett, s</td></tr><tr><td>Title:</td><td>assessing effects of mitigation strategies for global climate change with an intertemporal model of the us forest and agriculture sectors</td></tr><tr><td>Source:</td><td>critical reviews in environmental science and technology, 27, s97-s111</td></tr><tr><td>Year:</td><td>1997</td></tr></table>"
144.0,birdsey,,18.0,0.0,4.0,,-1.0,1.0,1.0,28.0,0.0,"<table><tr><td>Authors:</td><td>birdsey, r, a.; karnosky, d, f.; king, j.; kinouchi, m.; kubiske, m, e.; sharma, p.; thakur, r, c.</td></tr></table>"
149.0,batjes,,2.0,0.0,4.0,,-1.0,1.0,1.0,2.0,0.0,"<table><tr><td>Authors:</td><td>batjes, n, h.</td></tr></table>"
150.0,nabuurs,,4.0,0.0,4.0,,-1.0,1.0,1.0,6.0,0.0,"<table><tr><td>Authors:</td><td>nabuurs, g, j.; schelhaas, m, j.</td></tr></table>"
152.0,king,,4.0,0.0,4.0,,-1.0,1.0,1.0,4.0,0.0,"<table><tr><td>Authors:</td><td>king, d.; shabman, l.; wainger, l.; zepp, l.</td></tr></table>"
153.0,freedman,,19.0,0.0,4.0,,-1.0,1.0,1.0,24.0,0.0,"<table><tr><td>Authors:</td><td>freedman, b.; stinson, g.</td></tr></table>"
158.0,andrasko (1994),,62.0,48.0,1.0,http://dx.doi.org/10.1007/bf01098474,1994.0,0.4706,0.4706,127.0,48.0,"<table><tr><td>Authors:</td><td>andrasko, kj; dixon, rk; lee, jj; schroeder, pe; winjum, jk</td></tr><tr><td>Title:</td><td>integrated land-use systems - assessment of promising agroforest and alternative land-use practices to enhance carbon conservation and sequestration</td></tr><tr><td>Source:</td><td>climatic change, 27(1), 71-92</td></tr><tr><td>Year:</td><td>1994</td></tr></table>"
160.0,ketoff (1995),,40.0,4.0,1.0,http://dx.doi.org/10.1016/0961-9534(95)00044-5,1995.0,0.1176,0.1176,88.0,4.0,"<table><tr><td>Authors:</td><td>ketoff, a; makundi, wr; sathaye, j</td></tr><tr><td>Title:</td><td>copath - a spreadsheet model for the estimation of carbon flows associated with the use of forest resources</td></tr><tr><td>Source:</td><td>biomass & bioenergy, 8(5), 369-380</td></tr><tr><td>Year:</td><td>1995</td></tr></table>"
161.0,brunnert (1996),,53.0,3.0,1.0,,1996.0,0.1389,0.1389,95.0,3.0,"<table><tr><td>Authors:</td><td>brunnert, h</td></tr><tr><td>Title:</td><td>the significance of agriculture and forestry for the global carbon cycle. how can they contribute to sequester increasing amounts of co2 in the atmosphere</td></tr><tr><td>Source:</td><td>berichte uber landwirtschaft, 74(1), 44-65</td></tr><tr><td>Year:</td><td>1996</td></tr></table>"
162.0,mauldin (1999),,21.0,102.0,1.0,http://dx.doi.org/10.2307/1244326,1999.0,2.0855,2.0855,63.0,102.0,"<table><tr><td>Authors:</td><td>mauldin, t; miller, dj; plantinga, aj</td></tr><tr><td>Title:</td><td>an econometric analysis of the costs of sequestering carbon in forests</td></tr><tr><td>Source:</td><td>american journal of agricultural economics, 81(4), 812-824</td></tr><tr><td>Year:</td><td>1999</td></tr></table>"
163.0,xu (1995),,1.0,28.0,1.0,http://dx.doi.org/10.1016/0961-9534(95)00026-7,1995.0,0.8235,0.8235,1.0,28.0,"<table><tr><td>Authors:</td><td>xu, dy</td></tr><tr><td>Title:</td><td>the potential for reducing atmospheric carbon by large-scale afforestation in china and related cost/benefit analysis</td></tr><tr><td>Source:</td><td>biomass & bioenergy, 8(5), 337-344</td></tr><tr><td>Year:</td><td>1995</td></tr></table>"
164.0,boyd (2001),,50.0,36.0,2.0,http://dx.doi.org/10.1016/s0967-0645(01)00016-9,2001.0,0.5283,0.5283,221.0,36.0,"<table><tr><td>Authors:</td><td>boyd, pw; hannon, e; lancelot, c; silvoso, m</td></tr><tr><td>Title:</td><td>modeling the bloom evolution and carbon flows during soiree: implications for future in situ iron-enrichments in the southern ocean</td></tr><tr><td>Source:</td><td>deep-sea research part ii-topical studies in oceanography, 48(11-12), 2745-2773</td></tr><tr><td>Year:</td><td>2001</td></tr></table>"
165.0,fillipchuk (1996),,21.0,7.0,1.0,http://dx.doi.org/10.1007/bf01204198,1996.0,0.3241,0.3241,25.0,7.0,"<table><tr><td>Authors:</td><td>fillipchuk, an; kokorin, ao; lelyakin, al; nazarov, im</td></tr><tr><td>Title:</td><td>calculation of co2 net sinks emissions in russian forests and assessment of mitigation options</td></tr><tr><td>Source:</td><td>environmental management, 20, s101-s109</td></tr><tr><td>Year:</td><td>1996</td></tr></table>"
166.0,kokorin (1997),,2.0,0.0,1.0,http://dx.doi.org/10.1016/s0306-2619(97)00020-2,1997.0,0.0,0.0,4.0,0.0,"<table><tr><td>Authors:</td><td>kokorin, ao</td></tr><tr><td>Title:</td><td>forest carbon sequestration scenarios and priorities for the russian federation action plan</td></tr><tr><td>Source:</td><td>applied energy, 56(3-4), 407-421</td></tr><tr><td>Year:</td><td>1997</td></tr></table>"
167.0,lal (2000),,26.0,41.0,4.0,http://dx.doi.org/10.1023/a:1006139418804,2000.0,0.2438,0.2438,35.0,41.0,"<table><tr><td>Authors:</td><td>lal, m; singh, r</td></tr><tr><td>Title:</td><td>carbon sequestration potential of indian forests</td></tr><tr><td>Source:</td><td>environmental monitoring and assessment, 60(3), 315-327</td></tr><tr><td>Year:</td><td>2000</td></tr></table>"
168.0,law (1998),,42.0,63.0,2.0,http://dx.doi.org/10.1016/s0967-0645(98)00022-8,1998.0,1.0988,1.0988,86.0,63.0,"<table><tr><td>Authors:</td><td>law, cs; liddicoat, mi; stanton, t; watson, aj</td></tr><tr><td>Title:</td><td>sulphur hexafluoride as a tracer of biogeochemical and physical processes in an open-ocean iron fertilisation experiment</td></tr><tr><td>Source:</td><td>deep-sea research part ii-topical studies in oceanography, 45(6), 977-994</td></tr><tr><td>Year:</td><td>1998</td></tr></table>"
169.0,jo (2002),,4.0,75.0,1.0,http://dx.doi.org/10.1006/jema.2001.0491,2002.0,1.5564,1.5564,4.0,75.0,"<table><tr><td>Authors:</td><td>jo, hk</td></tr><tr><td>Title:</td><td>impacts of urban greenspace on offsetting carbon emissions for middle korea</td></tr><tr><td>Source:</td><td>journal of environmental management, 64(2), 115-126</td></tr><tr><td>Year:</td><td>2002</td></tr></table>"
170.0,justice (2001),,43.0,20.0,1.0,http://dx.doi.org/10.1639/0044-7447(2001)030[0351:ceaspo]2.0.co;2,2001.0,0.2935,0.2935,83.0,20.0,"<table><tr><td>Authors:</td><td>justice, co; zhang, q</td></tr><tr><td>Title:</td><td>carbon emissions and sequestration potential of central african ecosystems</td></tr><tr><td>Source:</td><td>ambio, 30(6), 351-355</td></tr><tr><td>Year:</td><td>2001</td></tr></table>"
171.0,unruh (1995),,29.0,6.0,1.0,,1995.0,0.1765,0.1765,72.0,6.0,"<table><tr><td>Authors:</td><td>unruh, jd</td></tr><tr><td>Title:</td><td>agroforestry, reforestry, and the carbon problem - the role of land and tree tenure</td></tr><tr><td>Source:</td><td>interdisciplinary science reviews, 20(3), 215-227</td></tr><tr><td>Year:</td><td>1995</td></tr></table>"
172.0,boyd (2001),,48.0,114.0,2.0,http://dx.doi.org/10.1016/s0967-0645(01)00008-x,2001.0,1.673,1.673,270.0,114.0,"<table><tr><td>Authors:</td><td>boyd, pw; chang, h; gall, mp; hall, j; safi, ka</td></tr><tr><td>Title:</td><td>phytoplankton processes. part 1: community structure during the southern ocean iron release experiment (soiree)</td></tr><tr><td>Source:</td><td>deep-sea research part ii-topical studies in oceanography, 48(11-12), 2551-2570</td></tr><tr><td>Year:</td><td>2001</td></tr></table>"
174.0,kwon (2000),,61.0,1065.0,3.0,http://dx.doi.org/10.1046/j.1365-2486.2000.00308.x,2000.0,6.3339,6.3339,142.0,1065.0,"<table><tr><td>Authors:</td><td>kwon, kc; post, wm</td></tr><tr><td>Title:</td><td>soil carbon sequestration and land-use change: processes and potential</td></tr><tr><td>Source:</td><td>global change biology, 6(3), 317-327</td></tr><tr><td>Year:</td><td>2000</td></tr></table>"
175.0,lugo (2000),,55.0,232.0,1.0,http://dx.doi.org/10.1046/j.1526-100x.2000.80054.x,2000.0,1.3798,1.3798,153.0,232.0,"<table><tr><td>Authors:</td><td>lugo, ae; ostertag, r; silver, wl</td></tr><tr><td>Title:</td><td>the potential for carbon sequestration through reforestation of abandoned tropical agricultural and pasture lands</td></tr><tr><td>Source:</td><td>restoration ecology, 8(4), 394-407</td></tr><tr><td>Year:</td><td>2000</td></tr></table>"
176.0,chen (2001),,57.0,58.0,1.0,,2001.0,0.8512,0.8512,129.0,58.0,"<table><tr><td>Authors:</td><td>chen, ap; fang, jy</td></tr><tr><td>Title:</td><td>dynamic forest biomass carbon pools in china and their significance</td></tr><tr><td>Source:</td><td>acta botanica sinica, 43(9), 967-973</td></tr><tr><td>Year:</td><td>2001</td></tr></table>"
177.0,coleman (1998),,25.0,82.0,3.0,http://dx.doi.org/10.1007/s003740050426,1998.0,1.4302,1.4302,52.0,82.0,"<table><tr><td>Authors:</td><td>coleman, k; falloon, pd; marshall, s; smith, ju; smith, p; szabo, j</td></tr><tr><td>Title:</td><td>regional estimates of carbon sequestration potential: linking the rothamsted carbon model to gis databases</td></tr><tr><td>Source:</td><td>biology and fertility of soils, 27(3), 236-241</td></tr><tr><td>Year:</td><td>1998</td></tr></table>"
178.0,de cara (2000),,12.0,28.0,1.0,http://dx.doi.org/10.1093/erae/27.3.281,2000.0,0.1665,0.1665,13.0,28.0,"<table><tr><td>Authors:</td><td>de cara, s; jayet, pa</td></tr><tr><td>Title:</td><td>emissions of greenhouse gases from agriculture: the heterogeneity of abatement costs in france</td></tr><tr><td>Source:</td><td>european review of agricultural economics, 27(3), 281-303</td></tr><tr><td>Year:</td><td>2000</td></tr></table>"
179.0,abraham (2001),,42.0,108.0,2.0,http://dx.doi.org/10.1016/s0967-0645(01)00007-8,2001.0,1.5849,1.5849,177.0,108.0,"<table><tr><td>Authors:</td><td>abraham, er; boyd, pw</td></tr><tr><td>Title:</td><td>iron-mediated changes in phytoplankton photosynthetic competence during soiree</td></tr><tr><td>Source:</td><td>deep-sea research part ii-topical studies in oceanography, 48(11-12), 2529-2550</td></tr><tr><td>Year:</td><td>2001</td></tr></table>"
180.0,johnson (1999),,27.0,102.0,3.0,http://dx.doi.org/10.1097/00010694-199910000-00002,1999.0,2.0855,2.0855,50.0,102.0,"<table><tr><td>Authors:</td><td>johnson, hb; potter, kn; tischler, cr; torbert, ha</td></tr><tr><td>Title:</td><td>carbon storage after long-term grass establishment on degraded soils</td></tr><tr><td>Source:</td><td>soil science, 164(10), 718-725</td></tr><tr><td>Year:</td><td>1999</td></tr></table>"
181.0,harger (1993),,30.0,2.0,1.0,http://dx.doi.org/10.1016/0045-6535(93)90062-a,1993.0,0.0581,0.0581,37.0,2.0,"<table><tr><td>Authors:</td><td>harger, jre</td></tr><tr><td>Title:</td><td>potential limits of human dominated fossil energy-based global ecosystems</td></tr><tr><td>Source:</td><td>chemosphere, 27(6), 907-945</td></tr><tr><td>Year:</td><td>1993</td></tr></table>"
182.0,plantinga (2003),,18.0,51.0,1.0,http://dx.doi.org/10.2307/3147106,2003.0,0.5912,0.5912,38.0,51.0,"<table><tr><td>Authors:</td><td>plantinga, aj; wu, jj</td></tr><tr><td>Title:</td><td>co-benefits from carbon sequestration in forests: evaluating reductions in agricultural externalities from an afforestation policy in wisconsin</td></tr><tr><td>Source:</td><td>land economics, 79(1), 74-85</td></tr><tr><td>Year:</td><td>2003</td></tr></table>"
183.0,lal (2003),,38.0,52.0,3.0,http://dx.doi.org/10.1002/ldr.562,2003.0,0.6028,0.6028,125.0,52.0,"<table><tr><td>Authors:</td><td>lal, r</td></tr><tr><td>Title:</td><td>offsetting global co2 emissions by restoration of degraded soils and intensification of world agriculture and forestry</td></tr><tr><td>Source:</td><td>land degradation & development, 14(3), 309-322</td></tr><tr><td>Year:</td><td>2003</td></tr></table>"
184.0,harmon (1995),,50.0,33.0,1.0,http://dx.doi.org/10.1034/j.1600-0889.47.issue1.19.x,1995.0,0.9706,0.9706,88.0,33.0,"<table><tr><td>Authors:</td><td>harmon, me; koerper, gj; lee, jj; turner, dp</td></tr><tr><td>Title:</td><td>carbon sequestration by forests of the united-states - current status and projections to the year 2040</td></tr><tr><td>Source:</td><td>tellus series b-chemical and physical meteorology, 47(1-2), 232-239</td></tr><tr><td>Year:</td><td>1995</td></tr></table>"
185.0,van kooten (2000),,19.0,30.0,1.0,,2000.0,0.1784,0.1784,59.0,30.0,"<table><tr><td>Authors:</td><td>van kooten, gc</td></tr><tr><td>Title:</td><td>economic dynamics of tree planting for carbon uptake on marginal agricultural lands</td></tr><tr><td>Source:</td><td>canadian journal of agricultural economics-revue canadienne d agroeconomie, 48(1), 51-65</td></tr><tr><td>Year:</td><td>2000</td></tr></table>"
186.0,ball (2002),,60.0,55.0,1.0,http://dx.doi.org/10.1098/rsta.2002.1023,2002.0,1.1414,1.1414,118.0,55.0,"<table><tr><td>Authors:</td><td>ball, as; brown, s; fay, j; niles, jo; pretty, j</td></tr><tr><td>Title:</td><td>potential carbon mitigation and income in developing countries from changes in use and management of agricultural and forest lands</td></tr><tr><td>Source:</td><td>philosophical transactions of the royal society of london series a-mathematical physical and engineering sciences, 360(1797), 1621-1639</td></tr><tr><td>Year:</td><td>2002</td></tr></table>"
187.0,braswell (1994),,56.0,584.0,3.0,http://dx.doi.org/10.1029/94gb00993,1994.0,5.7255,5.7255,91.0,584.0,"<table><tr><td>Authors:</td><td>braswell, bh; holland, ea; mckeown, r; ojima, ds; painter, th; parton, wj; schimel, ds; townsend, ar</td></tr><tr><td>Title:</td><td>climatic, edaphic, and biotic controls over storage and turnover of carbon in soils</td></tr><tr><td>Source:</td><td>global biogeochemical cycles, 8(3), 279-293</td></tr><tr><td>Year:</td><td>1994</td></tr></table>"
188.0,law (2001),,52.0,31.0,2.0,http://dx.doi.org/10.1016/s0967-0645(01)00006-6,2001.0,0.4549,0.4549,172.0,31.0,"<table><tr><td>Authors:</td><td>law, cs; ling, rd</td></tr><tr><td>Title:</td><td>nitrous oxide flux and response to increased iron availability in the antarctic circumpolar current</td></tr><tr><td>Source:</td><td>deep-sea research part ii-topical studies in oceanography, 48(11-12), 2509-2527</td></tr><tr><td>Year:</td><td>2001</td></tr></table>"
189.0,coleman (2000),,28.0,63.0,3.0,http://dx.doi.org/10.1111/j.1365-2389.2000.00343.x,2000.0,0.3747,0.3747,33.0,63.0,"<table><tr><td>Authors:</td><td>coleman, k; cortina, j; falloon, p; romanya, j; smith, p</td></tr><tr><td>Title:</td><td>modelling changes in soil organic matter after planting fast-growing pinus radiata on mediterranean agricultural soils</td></tr><tr><td>Source:</td><td>european journal of soil science, 51(4), 627-641</td></tr><tr><td>Year:</td><td>2000</td></tr></table>"
190.0,chisholm (2001),,53.0,99.0,2.0,http://dx.doi.org/10.1126/science.1065349,2001.0,1.4528,1.4528,137.0,99.0,"<table><tr><td>Authors:</td><td>chisholm, sw; cullen, jj; falkowski, pg</td></tr><tr><td>Title:</td><td>oceans - dis-crediting ocean fertilization</td></tr><tr><td>Source:</td><td>science, 294(5541), 309-310</td></tr><tr><td>Year:</td><td>2001</td></tr></table>"
191.0,degryze (2004),,40.0,161.0,3.0,http://dx.doi.org/10.1111/j.1529-8817.2003.00786.x,2004.0,1.208,1.208,76.0,161.0,"<table><tr><td>Authors:</td><td>degryze, s; merckx, r; morris, sj; paul, ea; paustian, k; six, j</td></tr><tr><td>Title:</td><td>soil organic carbon pool changes following land-use conversions</td></tr><tr><td>Source:</td><td>global change biology, 10(7), 1120-1132</td></tr><tr><td>Year:</td><td>2004</td></tr></table>"
192.0,batjes (1998),,37.0,106.0,3.0,http://dx.doi.org/10.1007/s003740050425,1998.0,1.8488,1.8488,58.0,106.0,"<table><tr><td>Authors:</td><td>batjes, nh</td></tr><tr><td>Title:</td><td>mitigation of atmospheric co(2) concentrations by increased carbon sequestration in the soil</td></tr><tr><td>Source:</td><td>biology and fertility of soils, 27(3), 230-235</td></tr><tr><td>Year:</td><td>1998</td></tr></table>"
193.0,cramer (1993),,37.0,37.0,1.0,http://dx.doi.org/10.1007/bf01105024,1993.0,1.0751,1.0751,56.0,37.0,"<table><tr><td>Authors:</td><td>cramer, wp; leemans, r; prentice, ic; solomon, am</td></tr><tr><td>Title:</td><td>the interaction of climate and land-use in future terrestrial carbon storage and release</td></tr><tr><td>Source:</td><td>water air and soil pollution, 70(1-4), 595-614</td></tr><tr><td>Year:</td><td>1993</td></tr></table>"
194.0,matthews (2002),,16.0,43.0,1.0,http://dx.doi.org/10.1016/s0921-8009(01)00269-5,2002.0,0.8923,0.8923,51.0,43.0,"<table><tr><td>Authors:</td><td>matthews, s; o'connor, r; plantinga, aj</td></tr><tr><td>Title:</td><td>quantifying the impacts on biodiversity of policies for carbon sequestration in forests</td></tr><tr><td>Source:</td><td>ecological economics, 40(1), 71-87</td></tr><tr><td>Year:</td><td>2002</td></tr></table>"
195.0,gupta (1994),,19.0,60.0,3.0,,1994.0,0.5882,0.5882,21.0,60.0,"<table><tr><td>Authors:</td><td>gupta, rk; rao, dln</td></tr><tr><td>Title:</td><td>potential of wastelands for sequestering carbon by reforestation</td></tr><tr><td>Source:</td><td>current science, 66(5), 378-380</td></tr><tr><td>Year:</td><td>1994</td></tr></table>"
196.0,bakker (2001),,65.0,50.0,2.0,http://dx.doi.org/10.1016/s0967-0645(01)00005-4,2001.0,0.7338,0.7338,307.0,50.0,"<table><tr><td>Authors:</td><td>bakker, dce; law, cs; watson, aj</td></tr><tr><td>Title:</td><td>southern ocean iron enrichment promotes inorganic carbon drawdown</td></tr><tr><td>Source:</td><td>deep-sea research part ii-topical studies in oceanography, 48(11-12), 2483-2507</td></tr><tr><td>Year:</td><td>2001</td></tr></table>"
197.0,glendining (1997),,15.0,217.0,3.0,http://dx.doi.org/10.1046/j.1365-2486.1997.00055.x,1997.0,4.2549,4.2549,40.0,217.0,"<table><tr><td>Authors:</td><td>glendining, mj; powlson, ds; smith, ju; smith, p</td></tr><tr><td>Title:</td><td>potential for carbon sequestration in european soils: preliminary estimates for five scenarios using results from long-term experiments</td></tr><tr><td>Source:</td><td>global change biology, 3(1), 67-79</td></tr><tr><td>Year:</td><td>1997</td></tr></table>"
198.0,grunzweig (2003),,43.0,119.0,1.0,http://dx.doi.org/10.1046/j.1365-2486.2003.00612.x,2003.0,1.3796,1.3796,66.0,119.0,"<table><tr><td>Authors:</td><td>grunzweig, jm; lin, t; rotenberg, e; schwartz, a; yakir, d</td></tr><tr><td>Title:</td><td>carbon sequestration in arid-land forest</td></tr><tr><td>Source:</td><td>global change biology, 9(5), 791-799</td></tr><tr><td>Year:</td><td>2003</td></tr></table>"
199.0,mollersten (2003),,13.0,96.0,5.0,http://dx.doi.org/10.1016/s0961-9534(03)00013-8,2003.0,1.1129,1.1129,21.0,96.0,"<table><tr><td>Authors:</td><td>mollersten, k; moreira, jr; yan, jy</td></tr><tr><td>Title:</td><td>potential market niches for biomass energy with co2 capture and storage - opportunities for energy supply with negative co2 emissions</td></tr><tr><td>Source:</td><td>biomass & bioenergy, 25(3), 273-285</td></tr><tr><td>Year:</td><td>2003</td></tr></table>"
200.0,gundersen (2002),,40.0,190.0,3.0,http://dx.doi.org/10.1016/s0378-1127(02)00304-3,2002.0,3.9429,3.9429,73.0,190.0,"<table><tr><td>Authors:</td><td>gundersen, p; ritter, e; vesterdal, l</td></tr><tr><td>Title:</td><td>change in soil organic carbon following afforestation of former arable land</td></tr><tr><td>Source:</td><td>forest ecology and management, 169(1-2), 137-147</td></tr><tr><td>Year:</td><td>2002</td></tr></table>"
201.0,bowie (2001),,47.0,55.0,2.0,http://dx.doi.org/10.4319/lo.2001.46.7.1802,2001.0,0.8071,0.8071,180.0,55.0,"<table><tr><td>Authors:</td><td>bowie, ar; boyd, pw; croot, pl; frew, rd; laroche, j; maldonado, mt; price, nm; strzepek, r; waite, a</td></tr><tr><td>Title:</td><td>iron uptake and physiological response of phytoplankton during a mesoscale southern ocean iron enrichment</td></tr><tr><td>Source:</td><td>limnology and oceanography, 46(7), 1802-1808</td></tr><tr><td>Year:</td><td>2001</td></tr></table>"
202.0,coleman (2000),,43.0,94.0,3.0,http://dx.doi.org/10.2307/2641109,2000.0,0.559,0.559,106.0,94.0,"<table><tr><td>Authors:</td><td>coleman, dc; eckert, ge; rhoades, cc</td></tr><tr><td>Title:</td><td>soil carbon differences among forest, agriculture, and secondary vegetation in lower montane ecuador</td></tr><tr><td>Source:</td><td>ecological applications, 10(2), 497-505</td></tr><tr><td>Year:</td><td>2000</td></tr></table>"
203.0,grogan (2002),,29.0,42.0,3.0,http://dx.doi.org/10.1079/sum2002119,2002.0,0.8716,0.8716,45.0,42.0,"<table><tr><td>Authors:</td><td>grogan, p; matthews, r</td></tr><tr><td>Title:</td><td>a modelling analysis of the potential for soil carbon sequestration under short rotation coppice willow bioenergy plantations</td></tr><tr><td>Source:</td><td>soil use and management, 18(3), 175-183</td></tr><tr><td>Year:</td><td>2002</td></tr></table>"
204.0,johnson (2003),,56.0,24.0,3.0,http://dx.doi.org/10.1029/2002gb001990,2003.0,0.2782,0.2782,142.0,24.0,"<table><tr><td>Authors:</td><td>johnson, lc; smith, dl</td></tr><tr><td>Title:</td><td>expansion of juniperus virginiana l. in the great plains: changes in soil organic carbon dynamics</td></tr><tr><td>Source:</td><td>global biogeochemical cycles, 17(2)</td></tr><tr><td>Year:</td><td>2003</td></tr></table>"
205.0,coleman (1998),,31.0,51.0,3.0,http://dx.doi.org/10.1016/s0167-1987(98)00115-9,1998.0,0.8895,0.8895,60.0,51.0,"<table><tr><td>Authors:</td><td>coleman, k; franko, u; glendining, mj; korschens, m; powlson, ds; smith, ju; smith, p</td></tr><tr><td>Title:</td><td>a european network of long-term sites for studies on soil organic matter</td></tr><tr><td>Source:</td><td>soil & tillage research, 47(3-4), 263-274</td></tr><tr><td>Year:</td><td>1998</td></tr></table>"
206.0,campbell (1998),,5.0,30.0,3.0,,1998.0,0.5233,0.5233,5.0,30.0,"<table><tr><td>Authors:</td><td>campbell, ca; hahn, d; lafond, gp; mcconkey, bg; selles, f</td></tr><tr><td>Title:</td><td>effect of crop management on c and n in long-term crop rotations after adopting no-tillage management: comparison of soil sampling strategies</td></tr><tr><td>Source:</td><td>canadian journal of soil science, 78(1), 155-162</td></tr><tr><td>Year:</td><td>1998</td></tr></table>"
207.0,arrieta (2004),,47.0,56.0,2.0,,2004.0,0.4202,0.4202,115.0,56.0,"<table><tr><td>Authors:</td><td>arrieta, jm; herndl, gj; lute, c; weinbauer, mg</td></tr><tr><td>Title:</td><td>response of bacterioplankton to iron fertilization in the southern ocean</td></tr><tr><td>Source:</td><td>limnology and oceanography, 49(3), 799-808</td></tr><tr><td>Year:</td><td>2004</td></tr></table>"
208.0,mauldin (2001),,27.0,14.0,1.0,http://dx.doi.org/10.1023/a:1010749214244,2001.0,0.2055,0.2055,74.0,14.0,"<table><tr><td>Authors:</td><td>mauldin, t; plantinga, aj</td></tr><tr><td>Title:</td><td>a method for estimating the cost of co2 mitigation through afforestation</td></tr><tr><td>Source:</td><td>climatic change, 49(1-2), 21-40</td></tr><tr><td>Year:</td><td>2001</td></tr></table>"
209.0,anderson (1999),,39.0,35.0,2.0,,1999.0,0.7156,0.7156,96.0,35.0,"<table><tr><td>Authors:</td><td>anderson, dm; erdner, dl</td></tr><tr><td>Title:</td><td>ferredoxin and flavodoxin as biochemical indicators of iron limitation during open-ocean iron enrichment</td></tr><tr><td>Source:</td><td>limnology and oceanography, 44(7), 1609-1615</td></tr><tr><td>Year:</td><td>1999</td></tr></table>"
210.0,falloon (2002),,37.0,52.0,3.0,http://dx.doi.org/10.1079/sum2002118,2002.0,1.0791,1.0791,66.0,52.0,"<table><tr><td>Authors:</td><td>falloon, p; pasztor, l; smith, p; szabo, j</td></tr><tr><td>Title:</td><td>comparison of approaches for estimating carbon sequestration at the regional scale</td></tr><tr><td>Source:</td><td>soil use and management, 18(3), 164-174</td></tr><tr><td>Year:</td><td>2002</td></tr></table>"
211.0,aguirre (2002),,27.0,36.0,1.0,http://dx.doi.org/10.1016/s0378-1127(01)00535-7,2002.0,0.7471,0.7471,59.0,36.0,"<table><tr><td>Authors:</td><td>aguirre, n; fehse, j; hofstede, r; kooijman, a; paladines, c; sevink, j</td></tr><tr><td>Title:</td><td>high altitude tropical secondary forests: a competitive carbon sink?</td></tr><tr><td>Source:</td><td>forest ecology and management, 163(1-3), 9-25</td></tr><tr><td>Year:</td><td>2002</td></tr></table>"
212.0,rudel (2001),,26.0,6.0,1.0,http://dx.doi.org/10.1080/08941920152120547,2001.0,0.0881,0.0881,28.0,6.0,"<table><tr><td>Authors:</td><td>rudel, tk</td></tr><tr><td>Title:</td><td>sequestering carbon in tropical forests: experiments, policy implications, and climatic change</td></tr><tr><td>Source:</td><td>society & natural resources, 14(6), 525-531</td></tr><tr><td>Year:</td><td>2001</td></tr></table>"
213.0,montagnini (2004),,28.0,215.0,1.0,http://dx.doi.org/10.1023/b:agfo.0000029005.92691.79,2004.0,1.6132,1.6132,33.0,215.0,"<table><tr><td>Authors:</td><td>montagnini, f; nair, pkr</td></tr><tr><td>Title:</td><td>carbon sequestration: an underexploited environmental benefit of agroforestry systems</td></tr><tr><td>Source:</td><td>agroforestry systems, 61-2(1), 281-295</td></tr><tr><td>Year:</td><td>2004</td></tr></table>"
214.0,lal (2004),,24.0,1696.0,3.0,http://dx.doi.org/10.1126/science.1097396,2004.0,12.7258,12.7258,60.0,1696.0,"<table><tr><td>Authors:</td><td>lal, r</td></tr><tr><td>Title:</td><td>soil carbon sequestration impacts on global climate change and food security</td></tr><tr><td>Source:</td><td>science, 304(5677), 1623-1627</td></tr><tr><td>Year:</td><td>2004</td></tr></table>"
215.0,khouma (2004),,13.0,20.0,3.0,http://dx.doi.org/10.1016/j.jaridenv.2004.03.026,2004.0,0.1501,0.1501,18.0,20.0,"<table><tr><td>Authors:</td><td>khouma, m; sene, m; tschakert, p</td></tr><tr><td>Title:</td><td>biophysical potential for soil carbon sequestration in agricultural systems of the old peanut basin of senegal</td></tr><tr><td>Source:</td><td>journal of arid environments, 59(3), 511-533</td></tr><tr><td>Year:</td><td>2004</td></tr></table>"
216.0,smith (1999),,14.0,27.0,3.0,,1999.0,0.552,0.552,19.0,27.0,"<table><tr><td>Authors:</td><td>smith, ka</td></tr><tr><td>Title:</td><td>after the kyoto protocol: can soil scientists make a useful contribution?</td></tr><tr><td>Source:</td><td>soil use and management, 15(2), 71-75</td></tr><tr><td>Year:</td><td>1999</td></tr></table>"
217.0,caparros (2003),,10.0,47.0,1.0,http://dx.doi.org/10.1016/s0921-8009(03)00138-1,2003.0,0.5449,0.5449,14.0,47.0,"<table><tr><td>Authors:</td><td>caparros, a; jacquemont, f</td></tr><tr><td>Title:</td><td>conflicts between biodiversity and carbon sequestration programs: economic and legal implications</td></tr><tr><td>Source:</td><td>ecological economics, 46(1), 143-157</td></tr><tr><td>Year:</td><td>2003</td></tr></table>"
218.0,abraham (2000),,53.0,956.0,2.0,http://dx.doi.org/10.1038/35037500,2000.0,5.6856,5.6856,253.0,956.0,"<table><tr><td>Authors:</td><td>abraham, er; bakker, dce; bowie, ar; boyd, pw; buesseler, ko; chang, h; charette, m; croot, p; downing, k; frew, r; gall, m; hadfield, m; hall, j; harvey, m; jameson, g; laroche, j; law, cs; liddicoat, m; ling, r; maldonado, mt; mckay, rm; murdoch, r; nodder, s; pickmere, s; pridmore, r; rintoul, s; safi, k; strzepek, r; sutton, p; tanneberger, k; trull, t; turner, s; waite, a; watson, aj; zeldis, j</td></tr><tr><td>Title:</td><td>a mesoscale phytoplankton bloom in the polar southern ocean stimulated by iron fertilization</td></tr><tr><td>Source:</td><td>nature, 407(6805), 695-702</td></tr><tr><td>Year:</td><td>2000</td></tr></table>"
219.0,krcmar-nozic (1999),,19.0,47.0,1.0,http://dx.doi.org/10.1139/cjfr-29-11-1669,1999.0,0.961,0.961,49.0,47.0,"<table><tr><td>Authors:</td><td>krcmar-nozic, e; stennes, b; van gorkom, r; van kooten, gc</td></tr><tr><td>Title:</td><td>economics of fossil fuel substitution and wood product sinks when trees are planted to sequester carbon on agricultural lands in western canada</td></tr><tr><td>Source:</td><td>canadian journal of forest research-revue canadienne de recherche forestiere, 29(11), 1669-1678</td></tr><tr><td>Year:</td><td>1999</td></tr></table>"
220.0,chen (2004),,38.0,21.0,3.0,http://dx.doi.org/10.1007/s10584-004-2847-1,2004.0,0.1576,0.1576,58.0,21.0,"<table><tr><td>Authors:</td><td>chen, qm; li, jy; li, kr; liu, jy; pan, yy; wang, sq; yu, gr</td></tr><tr><td>Title:</td><td>effects of land use change on the storage of soil organic carbon: a case study of the qianyanzhou forest experimental station in china</td></tr><tr><td>Source:</td><td>climatic change, 67(2-3), 247-255</td></tr><tr><td>Year:</td><td>2004</td></tr></table>"
221.0,alexandrov (2001),,20.0,17.0,4.0,http://dx.doi.org/10.3763/cpol.2001.0104,2001.0,0.2495,0.2495,20.0,17.0,"<table><tr><td>Authors:</td><td>alexandrov, ga; yamagata, y</td></tr><tr><td>Title:</td><td>would forestation alleviate the burden of emission reduction? an assessment of the future carbon sink from ard activities</td></tr><tr><td>Source:</td><td>climate policy, 1(1), 27-40</td></tr><tr><td>Year:</td><td>2001</td></tr></table>"
222.0,de baara (2005),,49.0,17.0,2.0,http://dx.doi.org/10.1016/j.marchem.2004.06.039,2005.0,0.2501,0.2501,201.0,17.0,"<table><tr><td>Authors:</td><td>de baara, hjw; gorbunov, my; nishioka, j; van leeuwe, ma; van oijen, t; veldhuis, mjw</td></tr><tr><td>Title:</td><td>enhanced carbohydrate production by southern ocean phytoplankton in response to in situ iron fertilization</td></tr><tr><td>Source:</td><td>marine chemistry, 93(1), 33-52</td></tr><tr><td>Year:</td><td>2005</td></tr></table>"
223.0,ismail (2004),,25.0,89.0,3.0,http://dx.doi.org/10.1023/b:agfo.0000013267.87896.41,2004.0,0.6678,0.6678,29.0,89.0,"<table><tr><td>Authors:</td><td>ismail, s; sharrow, sh</td></tr><tr><td>Title:</td><td>carbon and nitrogen storage in agroforests, tree plantations, and pastures in western oregon, usa</td></tr><tr><td>Source:</td><td>agroforestry systems, 60(2), 123-130</td></tr><tr><td>Year:</td><td>2004</td></tr></table>"
224.0,cherry (2000),,59.0,38.0,1.0,,2000.0,0.226,0.226,112.0,38.0,"<table><tr><td>Authors:</td><td>cherry, ml; colombo, sj; flannigan, md; greifenhagen, s; mcalpine, rs; papadopol, c; parker, wc; scarr, t</td></tr><tr><td>Title:</td><td>third millennium forestry: what climate change might mean to forests and forest management in ontario</td></tr><tr><td>Source:</td><td>forestry chronicle, 76(3), 445-463</td></tr><tr><td>Year:</td><td>2000</td></tr></table>"
225.0,liss (2000),,43.0,103.0,2.0,http://dx.doi.org/10.1029/2000gl011541,2000.0,0.6126,0.6126,72.0,103.0,"<table><tr><td>Authors:</td><td>liss, ps; nightingale, pd; schlosser, p</td></tr><tr><td>Title:</td><td>measurements of air-sea gas transfer during an open ocean algal bloom.</td></tr><tr><td>Source:</td><td>geophysical research letters, 27(14), 2117-2120</td></tr><tr><td>Year:</td><td>2000</td></tr></table>"
226.0,conant (2004),,29.0,36.0,3.0,http://dx.doi.org/10.1007/s00267-003-9105-6,2004.0,0.2701,0.2701,77.0,36.0,"<table><tr><td>Authors:</td><td>conant, rt; ogle, sm; paustian, k</td></tr><tr><td>Title:</td><td>deriving grassland management factors for a carbon accounting method developed by the intergovernmental panel on climate change</td></tr><tr><td>Source:</td><td>environmental management, 33(4), 474-484</td></tr><tr><td>Year:</td><td>2004</td></tr></table>"
227.0,chang (2004),,51.0,9.0,1.0,http://dx.doi.org/10.1021/es034533u,2004.0,0.0675,0.0675,101.0,9.0,"<table><tr><td>Authors:</td><td>chang, ys; choi, sd</td></tr><tr><td>Title:</td><td>factors affecting the distribution of the rate of carbon uptake by forests in south korea</td></tr><tr><td>Source:</td><td>environmental science & technology, 38(2), 484-488</td></tr><tr><td>Year:</td><td>2004</td></tr></table>"
228.0,lal (2005),,48.0,73.0,1.0,http://dx.doi.org/10.1002/ldr.644,2005.0,1.0738,1.0738,85.0,73.0,"<table><tr><td>Authors:</td><td>lal, r; singh, br; vagen, tg</td></tr><tr><td>Title:</td><td>soil carbon sequestration in sub-saharan africa: a review</td></tr><tr><td>Source:</td><td>land degradation & development, 16(1), 53-71</td></tr><tr><td>Year:</td><td>2005</td></tr></table>"
229.0,fox (2004),,12.0,47.0,1.0,http://dx.doi.org/10.1016/j.forpol.2004.03.010,2004.0,0.3527,0.3527,35.0,47.0,"<table><tr><td>Authors:</td><td>fox, g; mckenney, dw; ramlal, e; yemshanov, d</td></tr><tr><td>Title:</td><td>cost estimates for carbon sequestration from fast growing poplar plantations in canada</td></tr><tr><td>Source:</td><td>forest policy and economics, 6(3-4), 345-358</td></tr><tr><td>Year:</td><td>2004</td></tr></table>"
230.0,de koning (2003),,40.0,29.0,3.0,http://dx.doi.org/10.1029/2003gb002099,2003.0,0.3362,0.3362,83.0,29.0,"<table><tr><td>Authors:</td><td>de koning, ghj; lopez-ulloa, m; veldkamp, e</td></tr><tr><td>Title:</td><td>quantification of carbon sequestration in soils following pasture to forest conversion in northwestern ecuador</td></tr><tr><td>Source:</td><td>global biogeochemical cycles, 17(4)</td></tr><tr><td>Year:</td><td>2003</td></tr></table>"
232.0,hothem (2002),,17.0,42.0,3.0,http://dx.doi.org/10.1016/s0167-1987(02)00031-4,2002.0,0.8716,0.8716,28.0,42.0,"<table><tr><td>Authors:</td><td>hothem, dl; lal, r; malone, rw; owens, lb; starr, gc</td></tr><tr><td>Title:</td><td>sediment carbon concentration and transport from small watersheds under various conservation tillage practices</td></tr><tr><td>Source:</td><td>soil & tillage research, 67(1), 65-73</td></tr><tr><td>Year:</td><td>2002</td></tr></table>"
233.0,grieve (2001),,9.0,35.0,3.0,http://dx.doi.org/10.1016/s0341-8162(00)00147-8,2001.0,0.5136,0.5136,9.0,35.0,"<table><tr><td>Authors:</td><td>grieve, ic</td></tr><tr><td>Title:</td><td>human impacts on soil properties and their implications for the sensitivity of soil systems in scotland</td></tr><tr><td>Source:</td><td>catena, 42(2-4), 361-374</td></tr><tr><td>Year:</td><td>2001</td></tr></table>"
234.0,chen (2004),,3.0,27.0,5.0,http://dx.doi.org/10.1016/j.marchem.2004.01.006,2004.0,0.2026,0.2026,3.0,27.0,"<table><tr><td>Authors:</td><td>chen, cta; hsing, ly; liu, cl; wang, sl</td></tr><tr><td>Title:</td><td>degree of nutrient consumption of upwelled water in the taiwan strait based on dissolved organic phosphorus or nitrogen</td></tr><tr><td>Source:</td><td>marine chemistry, 87(3-4), 73-86</td></tr><tr><td>Year:</td><td>2004</td></tr></table>"
235.0,lal (2005),,48.0,12.0,3.0,http://dx.doi.org/10.1300/j064v26n04_04,2005.0,0.1765,0.1765,123.0,12.0,"<table><tr><td>Authors:</td><td>lal, r</td></tr><tr><td>Title:</td><td>soil carbon sequestration for sustaining agricultural production and improving the environment with particular reference to brazil</td></tr><tr><td>Source:</td><td>journal of sustainable agriculture, 26(4), 23-42</td></tr><tr><td>Year:</td><td>2005</td></tr></table>"
236.0,breidt (2003),,67.0,116.0,3.0,http://dx.doi.org/10.1046/j.1529-8817.2003.00683.x,2003.0,1.3448,1.3448,288.0,116.0,"<table><tr><td>Authors:</td><td>breidt, fj; eve, md; ogle, sm; paustian, k</td></tr><tr><td>Title:</td><td>uncertainty in estimating land use and management impacts on soil organic carbon storage for us agricultural lands between 1982 and 1997</td></tr><tr><td>Source:</td><td>global change biology, 9(11), 1521-1542</td></tr><tr><td>Year:</td><td>2003</td></tr></table>"
237.0,keith (2005),,6.0,88.0,5.0,http://dx.doi.org/10.1016/j.biombioe.2005.06.007,2005.0,1.2945,1.2945,7.0,88.0,"<table><tr><td>Authors:</td><td>keith, dw; rhodes, js</td></tr><tr><td>Title:</td><td>engineering economic analysis of biomass igcc with carbon capture and storage</td></tr><tr><td>Source:</td><td>biomass & bioenergy, 29(6), 440-450</td></tr><tr><td>Year:</td><td>2005</td></tr></table>"
238.0,xu (2003),,21.0,32.0,1.0,http://dx.doi.org/10.1016/s1462-9011(03)00072-8,2003.0,0.371,0.371,22.0,32.0,"<table><tr><td>Authors:</td><td>xu, dy; zhang, xq</td></tr><tr><td>Title:</td><td>potential carbon sequestration in china's forests</td></tr><tr><td>Source:</td><td>environmental science & policy, 6(5), 421-432</td></tr><tr><td>Year:</td><td>2003</td></tr></table>"
239.0,bernacchi (2005),,35.0,61.0,3.0,http://dx.doi.org/10.1111/j.1365-2486.01050.x,2005.0,0.8973,0.8973,61.0,61.0,"<table><tr><td>Authors:</td><td>bernacchi, cj; hollinger, se; meyers, t</td></tr><tr><td>Title:</td><td>the conversion of the corn/soybean ecosystem to no-till agriculture may result in a carbon sink</td></tr><tr><td>Source:</td><td>global change biology, 11(11), 1867-1872</td></tr><tr><td>Year:</td><td>2005</td></tr></table>"
240.0,ceulemans (2004),,11.0,32.0,5.0,http://dx.doi.org/10.1111/j.1365-2486.2004.00832.x,2004.0,0.2401,0.2401,11.0,32.0,"<table><tr><td>Authors:</td><td>ceulemans, r; deckmyn, g; muys, b; quijano, jg</td></tr><tr><td>Title:</td><td>carbon sequestration following afforestation of agricultural soils: comparing oak/beech forest to short-rotation poplar coppice combining a process and a carbon accounting model</td></tr><tr><td>Source:</td><td>global change biology, 10(9), 1482-1491</td></tr><tr><td>Year:</td><td>2004</td></tr></table>"
241.0,ardo (2002),,19.0,47.0,3.0,http://dx.doi.org/10.1639/0044-7447(2002)031[0471:scsids]2.0.co;2,2002.0,0.9754,0.9754,20.0,47.0,"<table><tr><td>Authors:</td><td>ardo, j; olsson, l</td></tr><tr><td>Title:</td><td>soil carbon sequestration in degraded semiarid agro-ecosystems - perils and potentials</td></tr><tr><td>Source:</td><td>ambio, 31(6), 471-477</td></tr><tr><td>Year:</td><td>2002</td></tr></table>"
242.0,eggers (2003),,30.0,62.0,1.0,http://dx.doi.org/10.1016/s1389-9341(03)00021-2,2003.0,0.7188,0.7188,48.0,62.0,"<table><tr><td>Authors:</td><td>eggers, t; kaipainen, t; karjalainen, t; lapvetelainen, t; liski, j; nabuurs, gj; pussinen, a</td></tr><tr><td>Title:</td><td>scenario analysis of the impacts of forest management and climate change on the european forest sector carbon budget</td></tr><tr><td>Source:</td><td>forest policy and economics, 5(2), 141-155</td></tr><tr><td>Year:</td><td>2003</td></tr></table>"
243.0,dieperink (2003),,2.0,12.0,4.0,http://dx.doi.org/10.1023/a:1026370624352,2003.0,0.1391,0.1391,2.0,12.0,"<table><tr><td>Authors:</td><td>dieperink, c; faaij, apc; van vliet, opr</td></tr><tr><td>Title:</td><td>forestry projects under the clean development mechanism? modelling of the uncertainties in carbon mitigation and related costs of plantation forestry projects</td></tr><tr><td>Source:</td><td>climatic change, 61(1-2), 123-156</td></tr><tr><td>Year:</td><td>2003</td></tr></table>"
244.0,breidt (2005),,47.0,236.0,3.0,http://dx.doi.org/10.1007/s10533-004-0360-2,2005.0,3.4715,3.4715,248.0,236.0,"<table><tr><td>Authors:</td><td>breidt, fj; ogle, sm; paustian, k</td></tr><tr><td>Title:</td><td>agricultural management impacts on soil organic carbon storage under moist and dry climatic conditions of temperate and tropical regions</td></tr><tr><td>Source:</td><td>biogeochemistry, 72(1), 87-121</td></tr><tr><td>Year:</td><td>2005</td></tr></table>"
245.0,conant (2005),,38.0,50.0,3.0,http://dx.doi.org/10.1007/s10705-004-5085-z,2005.0,0.7355,0.7355,62.0,50.0,"<table><tr><td>Authors:</td><td>conant, rt; del grosso, sj; parton, wj; paustian, k</td></tr><tr><td>Title:</td><td>nitrogen pools and fluxes in grassland soils sequestering carbon</td></tr><tr><td>Source:</td><td>nutrient cycling in agroecosystems, 71(3), 239-248</td></tr><tr><td>Year:</td><td>2005</td></tr></table>"
246.0,lal (2003),,60.0,209.0,3.0,http://dx.doi.org/10.1080/713610854,2003.0,2.4229,2.4229,283.0,209.0,"<table><tr><td>Authors:</td><td>lal, r</td></tr><tr><td>Title:</td><td>global potential of soil carbon sequestration to mitigate the greenhouse effect</td></tr><tr><td>Source:</td><td>critical reviews in plant sciences, 22(2), 151-184</td></tr><tr><td>Year:</td><td>2003</td></tr></table>"
247.0,bakker (2005),,21.0,14.0,2.0,http://dx.doi.org/10.1111/j.1600-0889.2005.00141.x,2005.0,0.2059,0.2059,23.0,14.0,"<table><tr><td>Authors:</td><td>bakker, d; chuck, a; liss, p; turner, s</td></tr><tr><td>Title:</td><td>ocean fertilization with iron: effects on climate and air quality</td></tr><tr><td>Source:</td><td>tellus series b-chemical and physical meteorology, 57(3), 269-271</td></tr><tr><td>Year:</td><td>2005</td></tr></table>"
248.0,halvorson (2005),,19.0,73.0,3.0,http://dx.doi.org/10.1007/s10705-004-7356-0,2005.0,1.0738,1.0738,36.0,73.0,"<table><tr><td>Authors:</td><td>halvorson, ad; mosier, ar; peterson, ga; robertson, gp; sherrod, l</td></tr><tr><td>Title:</td><td>measurement of net global warming potential in three agroecosystems</td></tr><tr><td>Source:</td><td>nutrient cycling in agroecosystems, 72(1), 67-76</td></tr><tr><td>Year:</td><td>2005</td></tr></table>"
249.0,lal (2005),,49.0,43.0,3.0,http://dx.doi.org/10.1016/j.agee.2005.05.012,2005.0,0.6325,0.6325,91.0,43.0,"<table><tr><td>Authors:</td><td>lal, r; tan, zx</td></tr><tr><td>Title:</td><td>carbon sequestration potential estimates with changes in land use and tillage practice in ohio, usa</td></tr><tr><td>Source:</td><td>agriculture ecosystems & environment, 111(1-4), 140-152</td></tr><tr><td>Year:</td><td>2005</td></tr></table>"
250.0,harvey (2004),,24.0,8.0,5.0,http://dx.doi.org/10.1023/b:clim.0000018511.36935.e0,2004.0,0.06,0.06,28.0,8.0,"<table><tr><td>Authors:</td><td>harvey, ldd</td></tr><tr><td>Title:</td><td>declining temporal effectiveness of carbon sequestration: implications for compliance with the united national framework convention on climate change</td></tr><tr><td>Source:</td><td>climatic change, 63(3), 259-290</td></tr><tr><td>Year:</td><td>2004</td></tr></table>"
251.0,nygren (2005),,11.0,13.0,5.0,http://dx.doi.org/10.1071/sr04167,2005.0,0.1912,0.1912,14.0,13.0,"<table><tr><td>Authors:</td><td>nygren, p; sierra, j</td></tr><tr><td>Title:</td><td>role of root inputs from a dinitrogen-fixing tree in soil carbon and nitrogen sequestration in a tropical agroforestry system</td></tr><tr><td>Source:</td><td>australian journal of soil research, 43(5), 667-675</td></tr><tr><td>Year:</td><td>2005</td></tr></table>"
252.0,balooni (2003),,4.0,8.0,4.0,http://dx.doi.org/10.1023/a:1024494010538,2003.0,0.0927,0.0927,5.0,8.0,"<table><tr><td>Authors:</td><td>balooni, k</td></tr><tr><td>Title:</td><td>economics of wastelands afforestation in india, a review</td></tr><tr><td>Source:</td><td>new forests, 26(2), 101-136</td></tr><tr><td>Year:</td><td>2003</td></tr></table>"
254.0,chai (2005),,50.0,19.0,2.0,http://dx.doi.org/10.1016/j.pocean.2005.02.017,2005.0,0.2795,0.2795,188.0,19.0,"<table><tr><td>Authors:</td><td>chai, f; fujii, m; yamanaka, y; yoshie, n</td></tr><tr><td>Title:</td><td>simulated biogeochemical responses to iron enrichments in three high nutrient, low chlorophyll (hnlc) regions</td></tr><tr><td>Source:</td><td>progress in oceanography, 64(2-4), 307-324</td></tr><tr><td>Year:</td><td>2005</td></tr></table>"
255.0,ford-robertson (2004),,3.0,9.0,3.0,http://dx.doi.org/10.1016/j.envsci.2004.07.003,2004.0,0.0675,0.0675,3.0,9.0,"<table><tr><td>Authors:</td><td>ford-robertson, j; loza-balbuena, i; robertson, k</td></tr><tr><td>Title:</td><td>monitoring and economic factors affecting the economic viability of afforestation for carbon sequestration projects</td></tr><tr><td>Source:</td><td>environmental science & policy, 7(6), 465-475</td></tr><tr><td>Year:</td><td>2004</td></tr></table>"
256.0,lal (2005),,30.0,52.0,3.0,http://dx.doi.org/10.1080/07352680591002147,2005.0,0.7649,0.7649,44.0,52.0,"<table><tr><td>Authors:</td><td>lal, r; ussiri, dan</td></tr><tr><td>Title:</td><td>carbon sequestration in reclaimed minesoils</td></tr><tr><td>Source:</td><td>critical reviews in plant sciences, 24(3), 151-165</td></tr><tr><td>Year:</td><td>2005</td></tr></table>"
257.0,knies (2005),,1.0,43.0,2.0,http://dx.doi.org/10.1029/2005gc000916,2005.0,0.6325,0.6325,1.0,43.0,"<table><tr><td>Authors:</td><td>knies, j; winkelmann, d</td></tr><tr><td>Title:</td><td>recent distribution and accumulation of organic carbon on the continental margin west off spitsbergen</td></tr><tr><td>Source:</td><td>geochemistry geophysics geosystems, 6</td></tr><tr><td>Year:</td><td>2005</td></tr></table>"
258.0,bakker (2005),,50.0,25.0,2.0,http://dx.doi.org/10.1016/j.dsr.2004.11.015,2005.0,0.3677,0.3677,173.0,25.0,"<table><tr><td>Authors:</td><td>bakker, dce; bozec, y; de baar, hjw; goldson, l; liddicoat, m; messias, mj; nightingale, pd; skjelvan, i; strass, v; watson, aj</td></tr><tr><td>Title:</td><td>iron and mixing affect biological carbon uptake in soiree and eisenex, two southern ocean iron fertilisation experiments</td></tr><tr><td>Source:</td><td>deep-sea research part i-oceanographic research papers, 52(6), 1001-1019</td></tr><tr><td>Year:</td><td>2005</td></tr></table>"
259.0,benitez (2005),,18.0,49.0,1.0,http://dx.doi.org/10.1016/j.ecolecon.2004.09.021,2005.0,0.7208,0.7208,32.0,49.0,"<table><tr><td>Authors:</td><td>benitez, pc; olschewski, r</td></tr><tr><td>Title:</td><td>secondary forests as temporary carbon sinks? the economic impact of accounting methods on reforestation projects in the tropics</td></tr><tr><td>Source:</td><td>ecological economics, 55(3), 380-394</td></tr><tr><td>Year:</td><td>2005</td></tr></table>"
260.0,dendoncker (2004),,50.0,30.0,3.0,http://dx.doi.org/10.1016/j.agee.2003.10.010,2004.0,0.2251,0.2251,111.0,30.0,"<table><tr><td>Authors:</td><td>dendoncker, n; lettens, s; roelandt, c; rounsevell, mda; van wesemael, b</td></tr><tr><td>Title:</td><td>belgium's co2 mitigation potential under improved cropland management</td></tr><tr><td>Source:</td><td>agriculture ecosystems & environment, 103(1), 101-116</td></tr><tr><td>Year:</td><td>2004</td></tr></table>"
261.0,lal (2004),,63.0,121.0,3.0,http://dx.doi.org/10.1023/b:fres.0000048480.24274.0f,2004.0,0.9079,0.9079,146.0,121.0,"<table><tr><td>Authors:</td><td>lal, r</td></tr><tr><td>Title:</td><td>agricultural activities and the global carbon cycle</td></tr><tr><td>Source:</td><td>nutrient cycling in agroecosystems, 70(2), 103-116</td></tr><tr><td>Year:</td><td>2004</td></tr></table>"
262.0,bonnet (2004),,2.0,1.0,5.0,http://dx.doi.org/10.1016/j.crte.2004.09.003,2004.0,0.0075,0.0075,3.0,1.0,"<table><tr><td>Authors:</td><td>bonnet, jf; combarnous, m; prieur, a</td></tr><tr><td>Title:</td><td>forest areas at the global scale: combined carbon sequestration and wood-energy uses</td></tr><tr><td>Source:</td><td>comptes rendus geoscience, 336(15), 1323-1335</td></tr><tr><td>Year:</td><td>2004</td></tr></table>"
263.0,baral (2004),,25.0,51.0,1.0,http://dx.doi.org/10.1016/j.biombioe.2003.11.004,2004.0,0.3827,0.3827,46.0,51.0,"<table><tr><td>Authors:</td><td>baral, a; guha, gs</td></tr><tr><td>Title:</td><td>trees for carbon sequestration or fossil fuel substitution: the issue of cost vs. carbon benefit</td></tr><tr><td>Source:</td><td>biomass & bioenergy, 27(1), 41-55</td></tr><tr><td>Year:</td><td>2004</td></tr></table>"
264.0,richards (2004),,35.0,188.0,1.0,http://dx.doi.org/10.1023/b:clim.0000018503.10080.89,2004.0,1.4106,1.4106,77.0,188.0,"<table><tr><td>Authors:</td><td>richards, kr; stokes, c</td></tr><tr><td>Title:</td><td>a review of forest carbon sequestration cost studies: a dozen years of research</td></tr><tr><td>Source:</td><td>climatic change, 63(1-2), 1-48</td></tr><tr><td>Year:</td><td>2004</td></tr></table>"
265.0,andrews (2004),,48.0,153.0,2.0,http://dx.doi.org/10.1126/science.1086895,2004.0,1.148,1.148,132.0,153.0,"<table><tr><td>Authors:</td><td>andrews, je; buesseler, ko; charette, ma; pike, sm</td></tr><tr><td>Title:</td><td>the effects of iron fertilization on carbon sequestration in the southern ocean</td></tr><tr><td>Source:</td><td>science, 304(5669), 414-417</td></tr><tr><td>Year:</td><td>2004</td></tr></table>"
266.0,avissar (2005),,18.0,498.0,3.0,http://dx.doi.org/10.1126/science.1119282,2005.0,7.3255,7.3255,28.0,498.0,"<table><tr><td>Authors:</td><td>avissar, r; barrett, dj; cook, cw; farley, ka; jackson, rb; jobbagy, eg; le maitre, dc; mccarl, ba; murray, bc; roy, sb</td></tr><tr><td>Title:</td><td>trading water for carbon with biological sequestration</td></tr><tr><td>Source:</td><td>science, 310(5756), 1944-1947</td></tr><tr><td>Year:</td><td>2005</td></tr></table>"
267.0,takeda (2005),,55.0,28.0,2.0,http://dx.doi.org/10.1016/j.pocean.2005.02.004,2005.0,0.4119,0.4119,225.0,28.0,"<table><tr><td>Authors:</td><td>takeda, s; tsuda, a</td></tr><tr><td>Title:</td><td>an in situ iron-enrichment experiment in the western subarctic pacific (seeds): introduction and summary</td></tr><tr><td>Source:</td><td>progress in oceanography, 64(2-4), 95-109</td></tr><tr><td>Year:</td><td>2005</td></tr></table>"
268.0,benitez (2005),,40.0,13.0,1.0,,2005.0,0.1912,0.1912,91.0,13.0,"<table><tr><td>Authors:</td><td>benitez, p; de koning, f; de urquiza, m; lopez-ulloa, m; olschewski, r; schlichter, t; veldkamp, e</td></tr><tr><td>Title:</td><td>the ecological and economic potential of carbon sequestration in forests: examples from south america</td></tr><tr><td>Source:</td><td>ambio, 34(3), 224-229</td></tr><tr><td>Year:</td><td>2005</td></tr></table>"
269.0,aide (2004),,31.0,18.0,1.0,http://dx.doi.org/10.1111/j.1529-8817.2003.00792.x,2004.0,0.1351,0.1351,60.0,18.0,"<table><tr><td>Authors:</td><td>aide, tm; grau, hr; thomlinson, jr; zimmerman, jk</td></tr><tr><td>Title:</td><td>trends and scenarios of the carbon budget in postagricultural puerto rico (1936-2060)</td></tr><tr><td>Source:</td><td>global change biology, 10(7), 1163-1179</td></tr><tr><td>Year:</td><td>2004</td></tr></table>"
270.0,kueppers (2004),,63.0,75.0,1.0,http://dx.doi.org/10.1890/03-5123,2004.0,0.5628,0.5628,157.0,75.0,"<table><tr><td>Authors:</td><td>kueppers, lm; lugo, ae; matzek, v; ostertag, r; silver, wl</td></tr><tr><td>Title:</td><td>carbon sequestration and plant community dynamics following reforestation of tropical pasture</td></tr><tr><td>Source:</td><td>ecological applications, 14(4), 1115-1127</td></tr><tr><td>Year:</td><td>2004</td></tr></table>"
271.0,nesci (2004),,17.0,25.0,1.0,http://dx.doi.org/10.1016/s1389-9341(03)00006-6,2004.0,0.1876,0.1876,41.0,25.0,"<table><tr><td>Authors:</td><td>nesci, fs; tassone, vc; wesseler, j</td></tr><tr><td>Title:</td><td>diverging incentives for afforestation from carbon sequestration: an economic analysis of the eu afforestation program in the south of italy</td></tr><tr><td>Source:</td><td>forest policy and economics, 6(6), 567-578</td></tr><tr><td>Year:</td><td>2004</td></tr></table>"
272.0,jackson (2004),,39.0,37.0,3.0,http://dx.doi.org/10.1073/pnas.0403631101,2004.0,0.2776,0.2776,61.0,37.0,"<table><tr><td>Authors:</td><td>jackson, rb; schlesinger, wh</td></tr><tr><td>Title:</td><td>curbing the us carbon deficit</td></tr><tr><td>Source:</td><td>proceedings of the national academy of sciences of the united states of america, 101(45), 15827-15829</td></tr><tr><td>Year:</td><td>2004</td></tr></table>"
273.0,flynn (2005),,3.0,16.0,5.0,http://dx.doi.org/10.1007/s10584-005-5933-0,2005.0,0.2354,0.2354,3.0,16.0,"<table><tr><td>Authors:</td><td>flynn, pc; zhou, s</td></tr><tr><td>Title:</td><td>geoengineering downwelling ocean currents: a cost assessment</td></tr><tr><td>Source:</td><td>climatic change, 71(1-2), 203-220</td></tr><tr><td>Year:</td><td>2005</td></tr></table>"
274.0,bakker (2005),,57.0,13.0,2.0,http://dx.doi.org/10.1016/j.marchem.2004.08.004,2005.0,0.1912,0.1912,272.0,13.0,"<table><tr><td>Authors:</td><td>bakker, dce; bellerby, rgj; bozec, y; de baar, hjw; hartmann, c; nightingale, pd; riebesell, u; thomas, h; watson, aj</td></tr><tr><td>Title:</td><td>the co2 system in a redfield context during an iron enrichment experiment in the southern ocean</td></tr><tr><td>Source:</td><td>marine chemistry, 95(1-2), 89-105</td></tr><tr><td>Year:</td><td>2005</td></tr></table>"
275.0,andren (2005),,23.0,82.0,3.0,http://dx.doi.org/10.1111/j.1365-2486.2005.01052.x,2005.0,1.2062,1.2062,43.0,82.0,"<table><tr><td>Authors:</td><td>andren, o; karlsson, t; perala, p; regina, k; rounsevell, m; smith, p; van wesemael, b</td></tr><tr><td>Title:</td><td>carbon sequestration potential in european croplands has been overestimated</td></tr><tr><td>Source:</td><td>global change biology, 11(12), 2153-2163</td></tr><tr><td>Year:</td><td>2005</td></tr></table>"
276.0,farley (2005),,12.0,349.0,3.0,http://dx.doi.org/10.1111/j.1365-2486.2005.01011.x,2005.0,5.1337,5.1337,19.0,349.0,"<table><tr><td>Authors:</td><td>farley, ka; jackson, rb; jobbagy, eg</td></tr><tr><td>Title:</td><td>effects of afforestation on water yield: a global synthesis with implications for policy</td></tr><tr><td>Source:</td><td>global change biology, 11(10), 1565-1576</td></tr><tr><td>Year:</td><td>2005</td></tr></table>"
277.0,archer (2005),,56.0,37.0,2.0,http://dx.doi.org/10.1029/2005gl022449,2005.0,0.5443,0.5443,144.0,37.0,"<table><tr><td>Authors:</td><td>archer, d; zeebe, re</td></tr><tr><td>Title:</td><td>feasibility of ocean fertilization and its impact on future atmospheric co2 levels</td></tr><tr><td>Source:</td><td>geophysical research letters, 32(9)</td></tr><tr><td>Year:</td><td>2005</td></tr></table>"
278.0,gillig (2005),,28.0,17.0,3.0,http://dx.doi.org/10.1111/j.1744-7976.2005.00023.x,2005.0,0.2501,0.2501,34.0,17.0,"<table><tr><td>Authors:</td><td>gillig, d; lee, hc; mccarl, ba</td></tr><tr><td>Title:</td><td>the dynamic competitiveness of us agricultural and forest carbon sequestration</td></tr><tr><td>Source:</td><td>canadian journal of agricultural economics-revue canadienne d agroeconomie, 53(4), 343-357</td></tr><tr><td>Year:</td><td>2005</td></tr></table>"
279.0,butterbach-bahl (2005),,28.0,167.0,3.0,http://dx.doi.org/10.1007/s10584-005-6791-5,2005.0,2.4565,2.4565,43.0,167.0,"<table><tr><td>Authors:</td><td>butterbach-bahl, k; frolking, s; li, cs</td></tr><tr><td>Title:</td><td>carbon sequestration in arable soils is likely to increase nitrous oxide emissions, offsetting reductions in climate radiative forcing</td></tr><tr><td>Source:</td><td>climatic change, 72(3), 321-338</td></tr><tr><td>Year:</td><td>2005</td></tr></table>"
280.0,fox (2005),,18.0,27.0,1.0,http://dx.doi.org/10.1111/j.1744-7976.2005.00021.x,2005.0,0.3972,0.3972,35.0,27.0,"<table><tr><td>Authors:</td><td>fox, g; hatton, t; mckenney, dw; yemshanov, d</td></tr><tr><td>Title:</td><td>investment attractiveness of afforestation in canada inclusive of carbon sequestration benefits</td></tr><tr><td>Source:</td><td>canadian journal of agricultural economics-revue canadienne d agroeconomie, 53(4), 307-323</td></tr><tr><td>Year:</td><td>2005</td></tr></table>"
281.0,hall (1994),,38.0,8.0,1.0,http://dx.doi.org/10.1016/0960-1481(94)90354-9,1994.0,0.0784,0.0784,53.0,8.0,"<table><tr><td>Authors:</td><td>hall, do; house, ji</td></tr><tr><td>Title:</td><td>biomass energy and the global carbon balance</td></tr><tr><td>Source:</td><td>renewable energy, 5(1-4), 58-66</td></tr><tr><td>Year:</td><td>1994</td></tr></table>"
282.0,bekkering (1992),,15.0,15.0,1.0,,1992.0,0.4839,0.4839,18.0,15.0,"<table><tr><td>Authors:</td><td>bekkering, td</td></tr><tr><td>Title:</td><td>using tropical forests to fix atmospheric carbon - the potential in theory and practice</td></tr><tr><td>Source:</td><td>ambio, 21(6), 414-419</td></tr><tr><td>Year:</td><td>1992</td></tr></table>"
283.0,joos (1991),,45.0,79.0,2.0,http://dx.doi.org/10.1038/349772a0,1991.0,2.7817,2.7817,90.0,79.0,"<table><tr><td>Authors:</td><td>joos, f; sarmiento, jl; siegenthaler, u</td></tr><tr><td>Title:</td><td>estimates of the effect of southern-ocean iron fertilization on atmospheric co2 concentrations</td></tr><tr><td>Source:</td><td>nature, 349(6312), 772-775</td></tr><tr><td>Year:</td><td>1991</td></tr></table>"
284.0,arthur (1992),,8.0,23.0,1.0,http://dx.doi.org/10.2307/3551419,1992.0,0.7419,0.7419,11.0,23.0,"<table><tr><td>Authors:</td><td>arthur, lm; vankooten, gc; wilson, wr</td></tr><tr><td>Title:</td><td>potential to sequester carbon in canadian forests - some economic-considerations</td></tr><tr><td>Source:</td><td>canadian public policy-analyse de politiques, 18(2), 127-138</td></tr><tr><td>Year:</td><td>1992</td></tr></table>"
285.0,goreau (1991),,28.0,8.0,1.0,http://dx.doi.org/10.1007/bf00142229,1991.0,0.2817,0.2817,50.0,8.0,"<table><tr><td>Authors:</td><td>goreau, tj; myers, n</td></tr><tr><td>Title:</td><td>tropical forests and the greenhouse-effect - a management response</td></tr><tr><td>Source:</td><td>climatic change, 19(1-2), 215-225</td></tr><tr><td>Year:</td><td>1991</td></tr></table>"
287.0,dodson (1996),,19.0,11.0,1.0,,1996.0,0.5093,0.5093,28.0,11.0,"<table><tr><td>Authors:</td><td>dodson, r; lee, jj</td></tr><tr><td>Title:</td><td>potential carbon sequestration by afforestation of pasture in the south-central united states</td></tr><tr><td>Source:</td><td>agronomy journal, 88(3), 381-384</td></tr><tr><td>Year:</td><td>1996</td></tr></table>"
288.0,andrasko (1996),,10.0,2.0,1.0,http://dx.doi.org/10.1007/bf01204199,1996.0,0.0926,0.0926,13.0,2.0,"<table><tr><td>Authors:</td><td>andrasko, ka; kolchugina, tp; vinson, ts</td></tr><tr><td>Title:</td><td>greenhouse gas mitigation options in the forest sector of russia: national and project level assessments</td></tr><tr><td>Source:</td><td>environmental management, 20, s111-s118</td></tr><tr><td>Year:</td><td>1996</td></tr></table>"
289.0,christie (1995),,21.0,12.0,1.0,http://dx.doi.org/10.1007/bf00546765,1995.0,0.3529,0.3529,29.0,12.0,"<table><tr><td>Authors:</td><td>christie, si; scholes, rj</td></tr><tr><td>Title:</td><td>carbon storage in eucalyptus and pine plantations in south africa</td></tr><tr><td>Source:</td><td>environmental monitoring and assessment, 38(2-3), 231-241</td></tr><tr><td>Year:</td><td>1995</td></tr></table>"
290.0,dixon (1993),,44.0,42.0,1.0,http://dx.doi.org/10.1007/bf01105000,1993.0,1.2203,1.2203,86.0,42.0,"<table><tr><td>Authors:</td><td>dixon, rk; schroeder, pe; winjum, jk</td></tr><tr><td>Title:</td><td>forest management and carbon storage - an analysis of 12 key forest nations</td></tr><tr><td>Source:</td><td>water air and soil pollution, 70(1-4), 239-257</td></tr><tr><td>Year:</td><td>1993</td></tr></table>"
291.0,houghton (1993),,32.0,47.0,1.0,http://dx.doi.org/10.1029/93gb00470,1993.0,1.3656,1.3656,40.0,47.0,"<table><tr><td>Authors:</td><td>houghton, ra; lefebvre, pa; unruh, jd</td></tr><tr><td>Title:</td><td>current land-cover in the tropics and its potential for sequestering carbon</td></tr><tr><td>Source:</td><td>global biogeochemical cycles, 7(2), 305-320</td></tr><tr><td>Year:</td><td>1993</td></tr></table>"
292.0,dixon (1992),,30.0,79.0,1.0,http://dx.doi.org/10.1007/bf00477103,1992.0,2.5484,2.5484,60.0,79.0,"<table><tr><td>Authors:</td><td>dixon, rk; schroeder, pe; winjum, jk</td></tr><tr><td>Title:</td><td>estimating the global potential of forest and agroforest management-practices to sequester carbon</td></tr><tr><td>Source:</td><td>water air and soil pollution, 64(1-2), 213-227</td></tr><tr><td>Year:</td><td>1992</td></tr></table>"
293.0,capone (1991),,28.0,59.0,2.0,,1991.0,2.0775,2.0775,58.0,59.0,"<table><tr><td>Authors:</td><td>capone, dg; fuhrman, ja</td></tr><tr><td>Title:</td><td>possible biogeochemical consequences of ocean fertilization</td></tr><tr><td>Source:</td><td>limnology and oceanography, 36(8), 1951-1959</td></tr><tr><td>Year:</td><td>1991</td></tr></table>"
294.0,broecker (1991),,24.0,68.0,2.0,http://dx.doi.org/10.1038/349227a0,1991.0,2.3944,2.3944,38.0,68.0,"<table><tr><td>Authors:</td><td>broecker, ws; peng, th</td></tr><tr><td>Title:</td><td>dynamic limitations on the antarctic iron fertilization strategy</td></tr><tr><td>Source:</td><td>nature, 349(6306), 227-229</td></tr><tr><td>Year:</td><td>1991</td></tr></table>"
295.0,achard (2005),,13.0,507.0,1.0,http://dx.doi.org/10.1016/j.gloenvcha.2004.11.001,2005.0,7.4579,7.4579,18.0,507.0,"<table><tr><td>Authors:</td><td>achard, f; angelsen, a; coomes, ot; lambin, e; moran, e; rudel, tk; xu, jc</td></tr><tr><td>Title:</td><td>forest transitions: towards a global understanding of land use change</td></tr><tr><td>Source:</td><td>global environmental change-human and policy dimensions, 15(1), 23-31</td></tr><tr><td>Year:</td><td>2005</td></tr></table>"
296.0,lal (2000),,8.0,4.0,1.0,,2000.0,0.0238,0.0238,8.0,4.0,"<table><tr><td>Authors:</td><td>lal, m; singh, r</td></tr><tr><td>Title:</td><td>sustainable forestry in india for carbon mitigation</td></tr><tr><td>Source:</td><td>current science, 78(5), 563-567</td></tr><tr><td>Year:</td><td>2000</td></tr></table>"
297.0,holloway (2005),,3.0,169.0,5.0,http://dx.doi.org/10.1016/j.energy.2003.10.023,2005.0,2.486,2.486,7.0,169.0,"<table><tr><td>Authors:</td><td>holloway, s</td></tr><tr><td>Title:</td><td>underground sequestration of carbon dioxide - a viable greenhouse gas mitigation option</td></tr><tr><td>Source:</td><td>energy, 30(11-12), 2318-2333</td></tr><tr><td>Year:</td><td>2005</td></tr></table>"
298.0,bentham (2005),,1.0,35.0,5.0,http://dx.doi.org/10.2516/ogst:2005038,2005.0,0.5148,0.5148,2.0,35.0,"<table><tr><td>Authors:</td><td>bentham, m; kirby, g</td></tr><tr><td>Title:</td><td>co2 storage in saline aquifers</td></tr><tr><td>Source:</td><td>oil & gas science and technology-revue d ifp energies nouvelles, 60(3), 559-567</td></tr><tr><td>Year:</td><td>2005</td></tr></table>"
305.0,rodrÃ­guez-kuhl,,15.0,0.0,4.0,,-1.0,1.0,1.0,18.0,0.0,"<table><tr><td>Authors:</td><td>rodrÃ­guez-kuhl, g.; sommer, r.; vlek, p, l.g.</td></tr></table>"
308.0,brindley (1999),,44.0,37.0,2.0,http://dx.doi.org/10.1093/plankt/21.3.525,1999.0,0.7565,0.7565,137.0,37.0,"<table><tr><td>Authors:</td><td>brindley, j; pitchford, jw</td></tr><tr><td>Title:</td><td>iron limitation, grazing pressure and oceanic high nutrient-low chlorophyll (hnlc) regions</td></tr><tr><td>Source:</td><td>journal of plankton research, 21(3), 525-547</td></tr><tr><td>Year:</td><td>1999</td></tr></table>"
310.0,lal (2004),,44.0,214.0,3.0,http://dx.doi.org/10.1007/s00267-003-9110-9,2004.0,1.6057,1.6057,102.0,214.0,"<table><tr><td>Authors:</td><td>lal, r</td></tr><tr><td>Title:</td><td>carbon sequestration in dryland ecosystems</td></tr><tr><td>Source:</td><td>environmental management, 33(4), 528-544</td></tr><tr><td>Year:</td><td>2004</td></tr></table>"
311.0,blake (2004),,50.0,60.0,2.0,http://dx.doi.org/10.1073/pnas.0402744101,2004.0,0.4502,0.4502,120.0,60.0,"<table><tr><td>Authors:</td><td>blake, dr; friederich, g; haase, kb; meinardi, s; rowland, fs; strutton, p; wingenter, ow</td></tr><tr><td>Title:</td><td>changing concentrations of co, ch4, c5h8, ch3br ,ch3i, and dimethyl sulfide during the southern ocean iron enrichment experiments</td></tr><tr><td>Source:</td><td>proceedings of the national academy of sciences of the united states of america, 101(23), 8537-8541</td></tr><tr><td>Year:</td><td>2004</td></tr></table>"
313.0,fischer (2001),,14.0,146.0,4.0,http://dx.doi.org/10.1016/s0961-9534(00)00074-x,2001.0,2.1426,2.1426,17.0,146.0,"<table><tr><td>Authors:</td><td>fischer, g; schrattenholzer, l</td></tr><tr><td>Title:</td><td>global bioenergy potentials through 2050</td></tr><tr><td>Source:</td><td>biomass & bioenergy, 20(3), 151-159</td></tr><tr><td>Year:</td><td>2001</td></tr></table>"
314.0,fujino (1999),,9.0,32.0,4.0,http://dx.doi.org/10.1016/s0306-2619(99)00020-3,1999.0,0.6543,0.6543,26.0,32.0,"<table><tr><td>Authors:</td><td>fujino, j; yamaji, k; yamamoto, h</td></tr><tr><td>Title:</td><td>evaluation of bioenergy resources with a global land use and energy model formulated with sd technique</td></tr><tr><td>Source:</td><td>applied energy, 63(2), 101-113</td></tr><tr><td>Year:</td><td>1999</td></tr></table>"
315.0,fujino (2001),,21.0,61.0,4.0,http://dx.doi.org/10.1016/s0961-9534(01)00025-3,2001.0,0.8952,0.8952,42.0,61.0,"<table><tr><td>Authors:</td><td>fujino, j; yamaji, k; yamamoto, h</td></tr><tr><td>Title:</td><td>evaluation of bioenergy potential with a multi-regional global-land-use-and-energy model</td></tr><tr><td>Source:</td><td>biomass & bioenergy, 21(3), 185-203</td></tr><tr><td>Year:</td><td>2001</td></tr></table>"
316.0,fujino (2000),,9.0,21.0,4.0,http://dx.doi.org/10.1016/s0306-2619(00)00019-2,2000.0,0.1249,0.1249,21.0,21.0,"<table><tr><td>Authors:</td><td>fujino, j; yamaji, k; yamamoto, h</td></tr><tr><td>Title:</td><td>scenario analysis of bioenergy resources and co2 emissions with a global land use and energy model</td></tr><tr><td>Source:</td><td>applied energy, 66(4), 325-337</td></tr><tr><td>Year:</td><td>2000</td></tr></table>"
317.0,berndes (2003),,17.0,296.0,5.0,http://dx.doi.org/10.1016/s0961-9534(02)00191-5,2003.0,3.4315,3.4315,37.0,296.0,"<table><tr><td>Authors:</td><td>berndes, g; faaija, a; gielen, d; hoogwijk, m; turkenburg, w; van den broek, r</td></tr><tr><td>Title:</td><td>exploration of the ranges of the global potential of biomass for energy</td></tr><tr><td>Source:</td><td>biomass & bioenergy, 25(2), 119-133</td></tr><tr><td>Year:</td><td>2003</td></tr></table>"
318.0,berndes (2003),,29.0,464.0,4.0,http://dx.doi.org/10.1016/s0961-9534(02)00185-x,2003.0,5.3791,5.3791,43.0,464.0,"<table><tr><td>Authors:</td><td>berndes, g; hoogwijk, m; van den broek, r</td></tr><tr><td>Title:</td><td>the contribution of biomass in the future global energy supply: a review of 17 studies</td></tr><tr><td>Source:</td><td>biomass & bioenergy, 25(1), 1-28</td></tr><tr><td>Year:</td><td>2003</td></tr></table>"
319.0,de vries (2005),,12.0,211.0,5.0,http://dx.doi.org/10.1016/j.biombioe.2005.05.002,2005.0,3.1038,3.1038,31.0,211.0,"<table><tr><td>Authors:</td><td>de vries, b; eickhout, b; faaij, a; hoogwijk, m; turkenburg, w</td></tr><tr><td>Title:</td><td>potential of biomass energy out to 2100, for four ipccsres land-use scenarios</td></tr><tr><td>Source:</td><td>biomass & bioenergy, 29(4), 225-257</td></tr><tr><td>Year:</td><td>2005</td></tr></table>"
